Binding Energy/eV,Intensity
1400.4,13902.9
1400.0,13561.8
1399.6,13670.6
1399.2,13452.9
1398.8,13767.6
1398.4,13482.4
1398.0,13326.5
1397.6,13294.1
1397.2,13347.1
1396.8,13229.4
1396.4,13435.3
1396.0,13300.0
1395.6,13347.1
1395.2,13726.5
1394.8,13247.1
1394.4,13405.9
1394.0,13100.0
1393.6,13067.6
1393.2,13097.1
1392.8,13158.8
1392.4,13214.7
1392.0,13247.1
1391.6,13500.0
1391.2,13350.0
1390.8,12985.3
1390.4,13152.9
1390.0,12747.1
1389.6,13273.5
1389.2,13041.2
1388.8,13076.5
1388.4,13488.2
1388.0,13188.2
1387.6,13267.6
1387.2,12750.0
1386.8,12794.1
1386.4,13141.2
1386.0,12979.4
1385.6,13167.6
1385.2,12708.8
1384.8,13297.1
1384.4,12876.5
1384.0,12852.9
1383.6,12661.8
1383.2,13076.5
1382.8,12741.2
1382.4,12879.4
1382.0,12841.2
1381.6,12773.5
1381.2,12347.1
1380.8,12852.9
1380.4,12914.7
1380.0,12838.2
1379.6,12973.5
1379.2,12232.4
1378.8,13132.4
1378.4,12729.4
1378.0,12744.1
1377.6,12776.5
1377.2,12311.8
1376.8,12152.9
1376.4,12535.3
1376.0,12800.0
1375.6,12591.2
1375.2,12585.3
1374.8,12776.5
1374.4,11920.6
1374.0,12652.9
1373.6,12332.4
1373.2,11979.4
1372.8,12226.5
1372.4,12552.9
1372.0,12247.1
1371.6,12414.7
1371.2,12182.4
1370.8,12579.4
1370.4,12270.6
1370.0,12394.1
1369.6,12085.3
1369.2,12311.8
1368.8,12008.8
1368.4,12550.0
1368.0,12550.0
1367.6,12411.8
1367.2,12132.4
1366.8,12261.8
1366.4,11867.6
1366.0,12158.8
1365.6,12167.6
1365.2,12288.2
1364.8,12358.8
1364.4,12164.7
1364.0,12261.8
1363.6,12564.7
1363.2,11697.1
1362.8,11935.3
1362.4,11926.5
1362.0,12032.4
1361.6,12038.2
1361.2,11705.9
1360.8,12079.4
1360.4,12108.8
1360.0,12105.9
1359.6,11814.7
1359.2,11729.4
1358.8,11844.1
1358.4,11791.2
1358.0,11855.9
1357.6,11805.9
1357.2,11750.0
1356.8,11897.1
1356.4,12141.2
1356.0,11958.8
1355.6,11776.5
1355.2,11717.6
1354.8,11935.3
1354.4,11805.9
1354.0,11850.0
1353.6,11602.9
1353.2,11702.9
1352.8,11997.1
1352.4,11923.5
1352.0,11582.4
1351.6,11985.3
1351.2,11414.7
1350.8,11641.2
1350.4,11735.3
1350.0,11461.8
1349.6,11711.8
1349.2,11620.6
1348.8,11773.5
1348.4,11761.8
1348.0,11711.8
1347.6,11594.1
1347.2,11526.5
1346.8,11885.3
1346.4,11326.5
1346.0,11558.8
1345.6,11773.5
1345.2,11905.9
1344.8,11764.7
1344.4,11423.5
1344.0,11691.2
1343.6,11791.2
1343.2,11232.4
1342.8,11608.8
1342.4,11361.8
1342.0,11805.9
1341.6,11508.8
1341.2,11220.6
1340.8,11264.7
1340.4,11129.4
1340.0,11432.4
1339.6,11620.6
1339.2,11464.7
1338.8,11152.9
1338.4,11258.8
1338.0,11132.4
1337.6,11188.2
1337.2,11317.6
1336.8,11423.5
1336.4,11138.2
1336.0,11282.4
1335.6,11052.9
1335.2,10976.5
1334.8,10947.1
1334.4,10961.8
1334.0,10629.4
1333.6,10994.1
1333.2,10344.1
1332.8,11273.5
1332.4,10700.0
1332.0,10523.5
1331.6,10835.3
1331.2,10720.6
1330.8,10832.4
1330.4,10423.5
1330.0,10714.7
1329.6,10570.6
1329.2,10526.5
1328.8,10432.4
1328.4,10611.8
1328.0,10500.0
1327.6,10291.2
1327.2,10200.0
1326.8,10291.2
1326.4,10217.6
1326.0,10638.2
1325.6,10738.2
1325.2,10364.7
1324.8,10432.4
1324.4,10520.6
1324.0,10458.8
1323.6,10241.2
1323.2,10497.1
1322.8,10532.4
1322.4,10655.9
1322.0,10188.2
1321.6,10447.1
1321.2,10308.8
1320.8,10679.4
1320.4,10602.9
1320.0,10494.1
1319.6,10552.9
1319.2,10552.9
1318.8,10561.8
1318.4,10579.4
1318.0,10473.5
1317.6,10244.1
1317.2,10388.2
1316.8,10541.2
1316.4,10326.5
1316.0,10320.6
1315.6,10429.4
1315.2,10155.9
1314.8,10447.1
1314.4,10179.4
1314.0,10326.5
1313.6,10367.6
1313.2,10770.6
1312.8,10279.4
1312.4,10461.8
1312.0,10538.2
1311.6,10611.8
1311.2,10647.1
1310.8,10329.4
1310.4,10458.8
1310.0,10350.0
1309.6,10335.3
1309.2,10685.3
1308.8,10358.8
1308.4,10741.2
1308.0,10647.1
1307.6,10397.1
1307.2,10464.7
1306.8,10611.8
1306.4,10494.1
1306.0,10641.2
1305.6,10552.9
1305.2,10767.6
1304.8,10523.5
1304.4,10697.1
1304.0,10708.8
1303.6,10488.2
1303.2,10450.0
1302.8,10582.4
1302.4,10400.0
1302.0,10552.9
1301.6,10458.8
1301.2,10241.2
1300.8,10670.6
1300.4,10429.4
1300.0,10938.2
1299.6,10385.3
1299.2,10811.8
1298.8,10561.8
1298.4,10641.2
1298.0,10614.7
1297.6,10300.0
1297.2,10614.7
1296.8,10797.1
1296.4,10461.8
1296.0,10314.7
1295.6,10041.2
1295.2,10447.1
1294.8,10538.2
1294.4,10350.0
1294.0,10273.5
1293.6,10679.4
1293.2,10470.6
1292.8,10455.9
1292.4,10585.3
1292.0,10605.9
1291.6,10173.5
1291.2,10873.5
1290.8,10438.2
1290.4,10600.0
1290.0,10785.3
1289.6,10697.1
1289.2,10994.1
1288.8,10961.8
1288.4,10379.4
1288.0,10594.1
1287.6,10723.5
1287.2,10864.7
1286.8,11017.6
1286.4,10685.3
1286.0,10676.5
1285.6,10758.8
1285.2,10779.4
1284.8,10800.0
1284.4,10423.5
1284.0,10867.6
1283.6,10905.9
1283.2,10864.7
1282.8,10761.8
1282.4,10838.2
1282.0,11038.2
1281.6,10702.9
1281.2,10729.4
1280.8,10658.8
1280.4,11076.5
1280.0,10829.4
1279.6,10517.6
1279.2,10885.3
1278.8,10858.8
1278.4,10758.8
1278.0,11002.9
1277.6,10958.8
1277.2,10932.4
1276.8,11167.6
1276.4,10982.4
1276.0,10947.1
1275.6,10864.7
1275.2,10979.4
1274.8,11120.6
1274.4,10802.9
1274.0,11214.7
1273.6,10955.9
1273.2,10838.2
1272.8,10741.2
1272.4,11014.7
1272.0,10635.3
1271.6,10805.9
1271.2,11041.2
1270.8,11108.8
1270.4,10764.7
1270.0,11358.8
1269.6,11379.4
1269.2,11361.8
1268.8,11126.5
1268.4,10785.3
1268.0,11008.8
1267.6,11311.8
1267.2,11208.8
1266.8,11311.8
1266.4,11000.0
1266.0,11073.5
1265.6,11361.8
1265.2,11179.4
1264.8,11302.9
1264.4,11297.1
1264.0,11044.1
1263.6,11229.4
1263.2,11185.3
1262.8,11235.3
1262.4,11514.7
1262.0,11144.1
1261.6,11535.3
1261.2,11138.2
1260.8,11300.0
1260.4,11197.1
1260.0,11002.9
1259.6,11511.8
1259.2,11602.9
1258.8,11226.5
1258.4,11305.9
1258.0,11038.2
1257.6,11685.3
1257.2,11288.2
1256.8,11470.6
1256.4,11247.1
1256.0,11385.3
1255.6,11620.6
1255.2,11235.3
1254.8,11532.4
1254.4,11347.1
1254.0,11685.3
1253.6,11650.0
1253.2,11514.7
1252.8,11517.6
1252.4,11747.1
1252.0,11655.9
1251.6,11588.2
1251.2,11747.1
1250.8,11747.1
1250.4,11623.5
1250.0,11814.7
1249.6,11676.5
1249.2,12208.8
1248.8,11858.8
1248.4,12152.9
1248.0,11952.9
1247.6,12070.6
1247.2,11600.0
1246.8,12023.5
1246.4,12244.1
1246.0,11979.4
1245.6,12038.2
1245.2,11794.1
1244.8,12326.5
1244.4,12058.8
1244.0,12326.5
1243.6,12155.9
1243.2,12285.3
1242.8,12323.5
1242.4,12211.8
1242.0,12150.0
1241.6,12182.4
1241.2,12214.7
1240.8,12155.9
1240.4,12232.4
1240.0,12308.8
1239.6,12152.9
1239.2,12270.6
1238.8,12297.1
1238.4,12105.9
1238.0,12000.0
1237.6,12282.4
1237.2,12273.5
1236.8,12155.9
1236.4,12038.2
1236.0,11882.4
1235.6,11982.4
1235.2,12250.0
1234.8,12170.6
1234.4,12235.3
1234.0,12141.2
1233.6,12255.9
1233.2,12394.1
1232.8,12414.7
1232.4,12582.4
1232.0,12200.0
1231.6,12664.7
1231.2,12702.9
1230.8,13226.5
1230.4,13523.5
1230.0,13150.0
1229.6,12864.7
1229.2,13297.1
1228.8,13400.0
1228.4,13170.6
1228.0,13261.8
1227.6,13382.4
1227.2,13455.9
1226.8,13267.6
1226.4,13329.4
1226.0,13441.2
1225.6,13067.6
1225.2,13402.9
1224.8,12950.0
1224.4,13038.2
1224.0,13158.8
1223.6,13158.8
1223.2,13120.6
1222.8,12947.1
1222.4,13011.8
1222.0,12955.9
1221.6,12911.8
1221.2,13120.6
1220.8,12744.1
1220.4,12511.8
1220.0,12291.2
1219.6,12526.5
1219.2,12226.5
1218.8,12623.5
1218.4,12514.7
1218.0,11717.6
1217.6,11785.3
1217.2,11944.1
1216.8,11873.5
1216.4,11758.8
1216.0,11402.9
1215.6,11308.8
1215.2,11250.0
1214.8,11208.8
1214.4,11179.4
1214.0,10970.6
1213.6,10988.2
1213.2,10958.8
1212.8,10970.6
1212.4,11050.0
1212.0,10908.8
1211.6,11076.5
1211.2,10635.3
1210.8,10958.8
1210.4,10758.8
1210.0,10744.1
1209.6,10994.1
1209.2,11008.8
1208.8,10794.1
1208.4,11055.9
1208.0,11238.2
1207.6,11202.9
1207.2,11008.8
1206.8,11132.4
1206.4,11141.2
1206.0,10832.4
1205.6,10808.8
1205.2,11347.1
1204.8,11161.8
1204.4,10938.2
1204.0,10982.4
1203.6,11135.3
1203.2,11008.8
1202.8,11320.6
1202.4,11205.9
1202.0,11029.4
1201.6,11152.9
1201.2,11005.9
1200.8,11035.3
1200.4,11035.3
1200.0,11152.9
1199.6,11014.7
1199.2,11050.0
1198.8,10820.6
1198.4,11320.6
1198.0,11255.9
1197.6,11094.1
1197.2,11338.2
1196.8,11264.7
1196.4,11164.7
1196.0,11088.2
1195.6,10958.8
1195.2,11232.4
1194.8,11294.1
1194.4,11585.3
1194.0,11232.4
1193.6,10947.1
1193.2,11341.2
1192.8,11038.2
1192.4,11623.5
1192.0,11361.8
1191.6,11167.6
1191.2,11250.0
1190.8,11194.1
1190.4,10950.0
1190.0,11358.8
1189.6,11635.3
1189.2,11541.2
1188.8,11611.8
1188.4,11400.0
1188.0,11297.1
1187.6,11388.2
1187.2,11152.9
1186.8,11517.6
1186.4,11535.3
1186.0,11473.5
1185.6,11464.7
1185.2,11850.0
1184.8,11491.2
1184.4,11744.1
1184.0,11226.5
1183.6,11155.9
1183.2,11632.4
1182.8,11494.1
1182.4,11305.9
1182.0,11667.6
1181.6,11764.7
1181.2,11517.6
1180.8,11447.1
1180.4,11547.1
1180.0,11141.2
1179.6,11797.1
1179.2,11941.2
1178.8,11685.3
1178.4,11544.1
1178.0,11397.1
1177.6,11788.2
1177.2,11894.1
1176.8,11755.9
1176.4,11747.1
1176.0,11626.5
1175.6,11776.5
1175.2,11591.2
1174.8,11882.4
1174.4,11741.2
1174.0,11658.8
1173.6,11670.6
1173.2,11679.4
1172.8,11432.4
1172.4,12135.3
1172.0,11950.0
1171.6,11985.3
1171.2,11850.0
1170.8,11917.6
1170.4,11858.8
1170.0,11867.6
1169.6,12205.9
1169.2,11794.1
1168.8,12088.2
1168.4,12376.5
1168.0,11476.5
1167.6,11808.8
1167.2,12102.9
1166.8,12032.4
1166.4,11802.9
1166.0,12173.5
1165.6,12197.1
1165.2,11926.5
1164.8,12170.6
1164.4,11576.5
1164.0,12061.8
1163.6,12117.6
1163.2,12523.5
1162.8,12167.6
1162.4,12523.5
1162.0,12250.0
1161.6,12082.4
1161.2,12123.5
1160.8,12282.4
1160.4,12420.6
1160.0,12450.0
1159.6,12111.8
1159.2,12117.6
1158.8,12114.7
1158.4,12526.5
1158.0,12211.8
1157.6,12494.1
1157.2,12388.2
1156.8,12252.9
1156.4,12532.4
1156.0,12505.9
1155.6,12314.7
1155.2,12350.0
1154.8,12564.7
1154.4,12441.2
1154.0,12391.2
1153.6,12470.6
1153.2,12597.1
1152.8,12573.5
1152.4,12935.3
1152.0,12320.6
1151.6,12429.4
1151.2,12820.6
1150.8,12397.1
1150.4,12623.5
1150.0,12870.6
1149.6,12870.6
1149.2,12141.2
1148.8,12682.4
1148.4,12735.3
1148.0,12917.6
1147.6,12373.5
1147.2,12667.6
1146.8,12700.0
1146.4,12805.9
1146.0,12576.5
1145.6,12538.2
1145.2,12638.2
1144.8,12988.2
1144.4,12897.1
1144.0,12926.5
1143.6,12861.8
1143.2,12629.4
1142.8,12935.3
1142.4,12835.3
1142.0,12976.5
1141.6,13079.4
1141.2,13473.5
1140.8,13020.6
1140.4,13061.8
1140.0,12661.8
1139.6,13061.8
1139.2,12964.7
1138.8,12970.6
1138.4,12823.5
1138.0,13085.3
1137.6,12832.4
1137.2,12982.4
1136.8,12744.1
1136.4,12876.5
1136.0,13488.2
1135.6,13073.5
1135.2,13379.4
1134.8,13291.2
1134.4,12938.2
1134.0,13323.5
1133.6,13429.4
1133.2,13335.3
1132.8,13055.9
1132.4,13520.6
1132.0,13391.2
1131.6,13605.9
1131.2,13441.2
1130.8,13176.5
1130.4,13388.2
1130.0,13494.1
1129.6,13564.7
1129.2,13570.6
1128.8,13317.6
1128.4,13450.0
1128.0,13632.4
1127.6,13729.4
1127.2,13629.4
1126.8,14091.2
1126.4,13432.4
1126.0,13805.9
1125.6,13579.4
1125.2,13791.2
1124.8,13573.5
1124.4,13785.3
1124.0,13658.8
1123.6,13920.6
1123.2,14120.6
1122.8,13800.0
1122.4,13352.9
1122.0,14076.5
1121.6,13758.8
1121.2,13920.6
1120.8,14185.3
1120.4,13873.5
1120.0,13429.4
1119.6,13847.1
1119.2,13867.6
1118.8,13694.1
1118.4,13873.5
1118.0,13355.9
1117.6,13547.1
1117.2,13926.5
1116.8,13988.2
1116.4,13626.5
1116.0,14000.0
1115.6,13485.3
1115.2,13950.0
1114.8,13720.6
1114.4,13855.9
1114.0,13917.6
1113.6,14176.5
1113.2,13888.2
1112.8,13988.2
1112.4,14300.0
1112.0,13855.9
1111.6,14338.2
1111.2,14135.3
1110.8,14144.1
1110.4,14282.4
1110.0,14238.2
1109.6,13917.6
1109.2,14108.8
1108.8,14479.4
1108.4,14429.4
1108.0,14173.5
1107.6,14058.8
1107.2,14391.2
1106.8,14185.3
1106.4,14597.1
1106.0,14802.9
1105.6,14747.1
1105.2,14552.9
1104.8,14014.7
1104.4,14617.6
1104.0,14558.8
1103.6,14623.5
1103.2,14508.8
1102.8,14691.2
1102.4,14326.5
1102.0,14191.2
1101.6,14100.0
1101.2,14308.8
1100.8,14138.2
1100.4,14179.4
1100.0,14114.7
1099.6,13905.9
1099.2,14123.5
1098.8,14258.8
1098.4,14067.6
1098.0,14247.1
1097.6,13520.6
1097.2,14114.7
1096.8,14100.0
1096.4,14341.2
1096.0,13967.6
1095.6,14211.8
1095.2,14111.8
1094.8,14017.6
1094.4,13905.9
1094.0,14073.5
1093.6,14100.0
1093.2,14255.9
1092.8,13923.5
1092.4,14500.0
1092.0,14138.2
1091.6,14067.6
1091.2,13970.6
1090.8,14144.1
1090.4,14250.0
1090.0,13938.2
1089.6,14288.2
1089.2,14373.5
1088.8,14420.6
1088.4,14529.4
1088.0,14123.5
1087.6,13773.5
1087.2,13867.6
1086.8,14252.9
1086.4,14338.2
1086.0,14288.2
1085.6,14538.2
1085.2,14194.1
1084.8,13979.4
1084.4,14223.5
1084.0,14773.5
1083.6,14414.7
1083.2,14126.5
1082.8,14347.1
1082.4,14617.6
1082.0,14576.5
1081.6,14423.5
1081.2,14379.4
1080.8,14235.3
1080.4,14526.5
1080.0,14488.2
1079.6,14229.4
1079.2,14194.1
1078.8,14400.0
1078.4,14247.1
1078.0,13976.5
1077.6,14523.5
1077.2,14602.9
1076.8,14255.9
1076.4,14767.6
1076.0,14385.3
1075.6,14641.2
1075.2,14623.5
1074.8,14358.8
1074.4,14785.3
1074.0,14320.6
1073.6,14782.4
1073.2,14970.6
1072.8,15064.7
1072.4,15070.6
1072.0,14767.6
1071.6,14888.2
1071.2,14811.8
1070.8,15264.7
1070.4,15385.3
1070.0,14885.3
1069.6,15217.6
1069.2,14985.3
1068.8,14879.4
1068.4,15194.1
1068.0,15094.1
1067.6,14991.2
1067.2,15170.6
1066.8,14961.8
1066.4,15011.8
1066.0,14973.5
1065.6,14711.8
1065.2,15105.9
1064.8,15067.6
1064.4,15011.8
1064.0,14961.8
1063.6,15479.4
1063.2,15229.4
1062.8,15470.6
1062.4,15014.7
1062.0,15461.8
1061.6,14973.5
1061.2,15191.2
1060.8,15052.9
1060.4,15311.8
1060.0,15323.5
1059.6,15511.8
1059.2,15097.1
1058.8,15311.8
1058.4,15385.3
1058.0,15002.9
1057.6,15394.1
1057.2,15729.4
1056.8,15629.4
1056.4,15355.9
1056.0,15485.3
1055.6,15847.1
1055.2,15391.2
1054.8,15685.3
1054.4,15576.5
1054.0,15802.9
1053.6,16055.9
1053.2,15514.7
1052.8,15623.5
1052.4,15570.6
1052.0,15614.7
1051.6,15617.6
1051.2,15605.9
1050.8,15620.6
1050.4,15623.5
1050.0,15720.6
1049.6,15576.5
1049.2,15820.6
1048.8,15973.5
1048.4,15444.1
1048.0,15629.4
1047.6,15923.5
1047.2,15985.3
1046.8,16264.7
1046.4,16364.7
1046.0,15873.5
1045.6,15952.9
1045.2,16294.1
1044.8,16088.2
1044.4,16050.0
1044.0,16270.6
1043.6,16194.1
1043.2,15911.8
1042.8,16114.7
1042.4,15582.4
1042.0,15891.2
1041.6,16082.4
1041.2,15755.9
1040.8,16435.3
1040.4,15947.1
1040.0,16073.5
1039.6,16308.8
1039.2,16394.1
1038.8,16297.1
1038.4,16741.2
1038.0,16511.8
1037.6,16555.9
1037.2,16352.9
1036.8,16341.2
1036.4,16414.7
1036.0,16052.9
1035.6,16679.4
1035.2,16129.4
1034.8,16552.9
1034.4,16447.1
1034.0,16670.6
1033.6,16511.8
1033.2,16494.1
1032.8,16514.7
1032.4,16641.2
1032.0,16502.9
1031.6,16417.6
1031.2,16638.2
1030.8,17011.8
1030.4,16608.8
1030.0,16861.8
1029.6,16844.1
1029.2,16614.7
1028.8,16958.8
1028.4,16732.4
1028.0,16629.4
1027.6,17050.0
1027.2,16867.6
1026.8,16700.0
1026.4,16908.8
1026.0,16623.5
1025.6,16361.8
1025.2,16905.9
1024.8,17094.1
1024.4,16447.1
1024.0,16564.7
1023.6,16729.4
1023.2,17020.6
1022.8,17829.4
1022.4,17100.0
1022.0,17752.9
1021.6,17991.2
1021.2,17550.0
1020.8,17814.7
1020.4,17902.9
1020.0,17420.6
1019.6,17288.2
1019.2,17355.9
1018.8,17594.1
1018.4,17082.4
1018.0,17450.0
1017.6,17382.4
1017.2,17620.6
1016.8,17414.7
1016.4,17158.8
1016.0,17829.4
1015.6,17376.5
1015.2,17441.2
1014.8,17650.0
1014.4,17132.4
1014.0,17688.2
1013.6,17523.5
1013.2,17517.6
1012.8,17452.9
1012.4,17397.1
1012.0,17335.3
1011.6,17361.8
1011.2,17297.1
1010.8,17714.7
1010.4,17258.8
1010.0,17326.5
1009.6,17847.1
1009.2,17600.0
1008.8,17547.1
1008.4,17808.8
1008.0,17555.9
1007.6,18105.9
1007.2,17879.4
1006.8,18111.8
1006.4,17973.5
1006.0,18294.1
1005.6,18176.5
1005.2,17852.9
1004.8,17923.5
1004.4,18429.4
1004.0,18100.0
1003.6,18408.8
1003.2,18635.3
1002.8,18735.3
1002.4,18552.9
1002.0,18702.9
1001.6,18523.5
1001.2,18394.1
1000.8,18708.8
1000.4,18720.6
1000.0,19047.1
999.6,18461.8
999.2,18632.4
998.8,19264.7
998.4,18208.8
998.0,18870.6
997.6,18902.9
997.2,18891.2
996.8,19023.5
996.4,18600.0
996.0,18441.2
995.6,18273.5
995.2,18250.0
994.8,18670.6
994.4,18608.8
994.0,18194.1
993.6,18470.6
993.2,17811.8
992.8,18641.2
992.4,17276.5
992.0,17897.1
991.6,18476.5
991.2,17967.6
990.8,18176.5
990.4,17932.4
990.0,17885.3
989.6,17702.9
989.2,17679.4
988.8,17623.5
988.4,18161.8
988.0,18179.4
987.6,17920.6
987.2,18188.2
986.8,18114.7
986.4,18147.1
986.0,18085.3
985.6,17708.8
985.2,18247.1
984.8,18467.6
984.4,18552.9
984.0,18420.6
983.6,18647.1
983.2,18320.6
982.8,18688.2
982.4,18797.1
982.0,19176.5
981.6,19161.8
981.2,19902.9
980.8,20035.3
980.4,19747.1
980.0,20161.8
979.6,20661.8
979.2,21082.4
978.8,20691.2
978.4,20935.3
978.0,20970.6
977.6,21288.2
977.2,21029.4
976.8,21341.2
976.4,21441.2
976.0,21555.9
975.6,20858.8
975.2,20867.6
974.8,20614.7
974.4,20682.4
974.0,20232.4
973.6,19852.9
973.2,20026.5
972.8,19500.0
972.4,19655.9
972.0,19447.1
971.6,19200.0
971.2,18902.9
970.8,18588.2
970.4,18432.4
970.0,18264.7
969.6,18002.9
969.2,18102.9
968.8,17620.6
968.4,17467.6
968.0,18032.4
967.6,17388.2
967.2,17570.6
966.8,17752.9
966.4,17455.9
966.0,17420.6
965.6,16991.2
965.2,16764.7
964.8,16405.9
964.4,17388.2
964.0,17179.4
963.6,16564.7
963.2,17061.8
962.8,17335.3
962.4,16858.8
962.0,16888.2
961.6,16732.4
961.2,17320.6
960.8,16964.7
960.4,16650.0
960.0,16723.5
959.6,17276.5
959.2,17420.6
958.8,16858.8
958.4,16764.7
958.0,16726.5
957.6,16558.8
957.2,16773.5
956.8,16570.6
956.4,16991.2
956.0,17052.9
955.6,16991.2
955.2,17191.2
954.8,17405.9
954.4,16876.5
954.0,17085.3
953.6,16838.2
953.2,17320.6
952.8,17041.2
952.4,17285.3
952.0,16947.1
951.6,17264.7
951.2,17494.1
950.8,17088.2
950.4,17023.5
950.0,17235.3
949.6,17226.5
949.2,17435.3
948.8,17338.2
948.4,17238.2
948.0,17408.8
947.6,17491.2
947.2,17255.9
946.8,17244.1
946.4,17614.7
946.0,17429.4
945.6,17426.5
945.2,17367.6
944.8,17602.9
944.4,18250.0
944.0,17517.6
943.6,17523.5
943.2,17594.1
942.8,17550.0
942.4,17691.2
942.0,17497.1
941.6,17711.8
941.2,17450.0
940.8,18014.7
940.4,17508.8
940.0,17864.7
939.6,17973.5
939.2,17614.7
938.8,17544.1
938.4,17717.6
938.0,18002.9
937.6,17938.2
937.2,17517.6
936.8,17670.6
936.4,17944.1
936.0,17629.4
935.6,18070.6
935.2,17688.2
934.8,17579.4
934.4,18008.8
934.0,17970.6
933.6,17920.6
933.2,18429.4
932.8,17667.6
932.4,18258.8
932.0,18205.9
931.6,18120.6
931.2,18400.0
930.8,18144.1
930.4,18617.6
930.0,17623.5
929.6,18297.1
929.2,18317.6
928.8,18391.2
928.4,18205.9
928.0,18364.7
927.6,18117.6
927.2,18279.4
926.8,18523.5
926.4,18485.3
926.0,17991.2
925.6,18417.6
925.2,18700.0
924.8,18320.6
924.4,18411.8
924.0,18397.1
923.6,18341.2
923.2,18450.0
922.8,18311.8
922.4,18423.5
922.0,18582.4
921.6,18455.9
921.2,18661.8
920.8,18605.9
920.4,19082.4
920.0,18832.4
919.6,18655.9
919.2,19164.7
918.8,19111.8
918.4,18535.3
918.0,18702.9
917.6,19208.8
917.2,18888.2
916.8,18850.0
916.4,18923.5
916.0,19005.9
915.6,18655.9
915.2,19102.9
914.8,19129.4
914.4,18873.5
914.0,18708.8
913.6,19070.6
913.2,19126.5
912.8,18994.1
912.4,18985.3
912.0,19352.9
911.6,19394.1
911.2,19197.1
910.8,18941.2
910.4,19479.4
910.0,19208.8
909.6,19211.8
909.2,19185.3
908.8,19150.0
908.4,19438.2
908.0,19217.6
907.6,19585.3
907.2,18970.6
906.8,19311.8
906.4,18944.1
906.0,19632.4
905.6,19376.5
905.2,19802.9
904.8,19467.6
904.4,19385.3
904.0,19138.2
903.6,19658.8
903.2,19717.6
902.8,19729.4
902.4,19717.6
902.0,19667.6
901.6,19694.1
901.2,19582.4
900.8,20158.8
900.4,19438.2
900.0,19841.2
899.6,19388.2
899.2,19773.5
898.8,19552.9
898.4,19361.8
898.0,20132.4
897.6,19714.7
897.2,20147.1
896.8,19576.5
896.4,20008.8
896.0,19697.1
895.6,19761.8
895.2,19905.9
894.8,19794.1
894.4,20088.2
894.0,20029.4
893.6,19976.5
893.2,19985.3
892.8,20000.0
892.4,19876.5
892.0,19882.4
891.6,20270.6
891.2,20232.4
890.8,20255.9
890.4,20197.1
890.0,20255.9
889.6,20279.4
889.2,20344.1
888.8,20373.5
888.4,20147.1
888.0,20679.4
887.6,20285.3
887.2,20123.5
886.8,20497.1
886.4,21167.6
886.0,20611.8
885.6,21238.2
885.2,20311.8
884.8,20797.1
884.4,21170.6
884.0,20876.5
883.6,21029.4
883.2,21520.6
882.8,20700.0
882.4,21076.5
882.0,21585.3
881.6,21100.0
881.2,21423.5
880.8,21650.0
880.4,21588.2
880.0,21588.2
879.6,21667.6
879.2,21082.4
878.8,21417.6
878.4,21720.6
878.0,21891.2
877.6,21591.2
877.2,21614.7
876.8,21526.5
876.4,21808.8
876.0,21314.7
875.6,21632.4
875.2,21135.3
874.8,20717.6
874.4,21623.5
874.0,21567.6
873.6,21538.2
873.2,21208.8
872.8,21026.5
872.4,20770.6
872.0,20997.1
871.6,21341.2
871.2,21220.6
870.8,21220.6
870.4,20876.5
870.0,21326.5
869.6,21311.8
869.2,20926.5
868.8,20885.3
868.4,20826.5
868.0,21517.6
867.6,20920.6
867.2,21341.2
866.8,21420.6
866.4,21438.2
866.0,21805.9
865.6,21738.2
865.2,22191.2
864.8,22067.6
864.4,22258.8
864.0,22317.6
863.6,22894.1
863.2,22832.4
862.8,22835.3
862.4,23626.5
862.0,23450.0
861.6,23823.5
861.2,23867.6
860.8,23985.3
860.4,23961.8
860.0,24029.4
859.6,24208.8
859.2,24035.3
858.8,24167.6
858.4,23982.4
858.0,23326.5
857.6,23173.5
857.2,23402.9
856.8,23500.0
856.4,22802.9
856.0,23417.6
855.6,22805.9
855.2,22520.6
854.8,23126.5
854.4,22652.9
854.0,22497.1
853.6,22979.4
853.2,23023.5
852.8,23008.8
852.4,22685.3
852.0,22597.1
851.6,22573.5
851.2,22411.8
850.8,22523.5
850.4,22335.3
850.0,21888.2
849.6,21802.9
849.2,21829.4
848.8,21726.5
848.4,21291.2
848.0,21235.3
847.6,21326.5
847.2,20755.9
846.8,21473.5
846.4,21188.2
846.0,21285.3
845.6,20632.4
845.2,20597.1
844.8,20538.2
844.4,21064.7
844.0,20276.5
843.6,20379.4
843.2,20885.3
842.8,20914.7
842.4,20458.8
842.0,20994.1
841.6,21391.2
841.2,21679.4
840.8,21026.5
840.4,21767.6
840.0,21470.6
839.6,21414.7
839.2,21455.9
838.8,22026.5
838.4,22305.9
838.0,23123.5
837.6,23385.3
837.2,23791.2
836.8,25161.8
836.4,25826.5
836.0,26847.1
835.6,27344.1
835.2,28179.4
834.8,28405.9
834.4,29758.8
834.0,30026.5
833.6,30750.0
833.2,30917.6
832.8,31452.9
832.4,30297.1
832.0,30514.7
831.6,28958.8
831.2,28650.0
830.8,26897.1
830.4,26538.2
830.0,26402.9
829.6,25438.2
829.2,24711.8
828.8,24350.0
828.4,23623.5
828.0,23600.0
827.6,23338.2
827.2,22679.4
826.8,22547.1
826.4,22229.4
826.0,22002.9
825.6,21488.2
825.2,21638.2
824.8,20879.4
824.4,20126.5
824.0,19738.2
823.6,18985.3
823.2,18102.9
822.8,18000.0
822.4,17505.9
822.0,17270.6
821.6,17214.7
821.2,17052.9
820.8,17447.1
820.4,17247.1
820.0,16538.2
819.6,16888.2
819.2,16723.5
818.8,16873.5
818.4,16932.4
818.0,17111.8
817.6,16982.4
817.2,16482.4
816.8,16391.2
816.4,17147.1
816.0,16520.6
815.6,17120.6
815.2,16832.4
814.8,16726.5
814.4,16667.6
814.0,16217.6
813.6,16644.1
813.2,16641.2
812.8,16341.2
812.4,16632.4
812.0,16564.7
811.6,16461.8
811.2,16279.4
810.8,16723.5
810.4,16267.6
810.0,16405.9
809.6,16044.1
809.2,16255.9
808.8,16500.0
808.4,16117.6
808.0,16552.9
807.6,16576.5
807.2,17282.4
806.8,16355.9
806.4,16097.1
806.0,16552.9
805.6,16205.9
805.2,16564.7
804.8,16823.5
804.4,16614.7
804.0,16097.1
803.6,16732.4
803.2,16452.9
802.8,16800.0
802.4,16308.8
802.0,16405.9
801.6,16208.8
801.2,16302.9
800.8,17152.9
800.4,16829.4
800.0,16867.6
799.6,16885.3
799.2,16720.6
798.8,16485.3
798.4,16485.3
798.0,16594.1
797.6,17052.9
797.2,16750.0
796.8,17238.2
796.4,16567.6
796.0,16958.8
795.6,17050.0
795.2,16850.0
794.8,16714.7
794.4,17191.2
794.0,16691.2
793.6,16897.1
793.2,17014.7
792.8,17211.8
792.4,16635.3
792.0,16788.2
791.6,16805.9
791.2,17347.1
790.8,17105.9
790.4,16914.7
790.0,17020.6
789.6,16861.8
789.2,16808.8
788.8,17473.5
788.4,17241.2
788.0,17552.9
787.6,17073.5
787.2,17400.0
786.8,17050.0
786.4,17497.1
786.0,16982.4
785.6,17208.8
785.2,17158.8
784.8,17188.2
784.4,17426.5
784.0,17517.6
783.6,17179.4
783.2,17452.9
782.8,17361.8
782.4,17623.5
782.0,17252.9
781.6,17088.2
781.2,17364.7
780.8,17305.9
780.4,17717.6
780.0,17697.1
779.6,17670.6
779.2,18041.2
778.8,17470.6
778.4,17350.0
778.0,17735.3
777.6,17714.7
777.2,17550.0
776.8,17867.6
776.4,17573.5
776.0,17779.4
775.6,17488.2
775.2,17676.5
774.8,17747.1
774.4,17711.8
774.0,17967.6
773.6,17797.1
773.2,17873.5
772.8,17829.4
772.4,17767.6
772.0,17729.4
771.6,17450.0
771.2,17891.2
770.8,17758.8
770.4,17791.2
770.0,18044.1
769.6,17923.5
769.2,18264.7
768.8,18220.6
768.4,18152.9
768.0,18188.2
767.6,18205.9
767.2,18126.5
766.8,18114.7
766.4,17747.1
766.0,17905.9
765.6,18067.6
765.2,17838.2
764.8,17964.7
764.4,17755.9
764.0,18526.5
763.6,18023.5
763.2,18144.1
762.8,18620.6
762.4,18164.7
762.0,18061.8
761.6,18476.5
761.2,18394.1
760.8,18452.9
760.4,18694.1
760.0,18552.9
759.6,18697.1
759.2,18485.3
758.8,18420.6
758.4,18529.4
758.0,18488.2
757.6,18117.6
757.2,18376.5
756.8,18576.5
756.4,18102.9
756.0,18197.1
755.6,18926.5
755.2,18417.6
754.8,18205.9
754.4,18350.0
754.0,18502.9
753.6,18423.5
753.2,18867.6
752.8,18373.5
752.4,18720.6
752.0,18647.1
751.6,18558.8
751.2,18400.0
750.8,18764.7
750.4,18870.6
750.0,19344.1
749.6,19182.4
749.2,18802.9
748.8,18926.5
748.4,18620.6
748.0,19097.1
747.6,18800.0
747.2,18644.1
746.8,18985.3
746.4,18314.7
746.0,18667.6
745.6,18611.8
745.2,19085.3
744.8,18850.0
744.4,18785.3
744.0,18714.7
743.6,19217.6
743.2,19108.8
742.8,19235.3
742.4,18885.3
742.0,18682.4
741.6,18967.6
741.2,19373.5
740.8,19279.4
740.4,19223.5
740.0,19241.2
739.6,18785.3
739.2,19214.7
738.8,19511.8
738.4,19535.3
738.0,19238.2
737.6,19347.1
737.2,19770.6
736.8,19505.9
736.4,19452.9
736.0,19667.6
735.6,19402.9
735.2,19485.3
734.8,19947.1
734.4,19702.9
734.0,19617.6
733.6,19502.9
733.2,19950.0
732.8,19550.0
732.4,19405.9
732.0,19870.6
731.6,19679.4
731.2,19008.8
730.8,19588.2
730.4,19141.2
730.0,19579.4
729.6,19523.5
729.2,19229.4
728.8,18855.9
728.4,19470.6
728.0,19452.9
727.6,19144.1
727.2,18923.5
726.8,19032.4
726.4,19517.6
726.0,19514.7
725.6,19367.6
725.2,19458.8
724.8,19126.5
724.4,19297.1
724.0,19691.2
723.6,19120.6
723.2,19541.2
722.8,19697.1
722.4,20017.6
722.0,19967.6
721.6,19805.9
721.2,20008.8
720.8,19944.1
720.4,20561.8
720.0,20223.5
719.6,20711.8
719.2,20729.4
718.8,20897.1
718.4,21688.2
718.0,20973.5
717.6,21197.1
717.2,21485.3
716.8,21417.6
716.4,21405.9
716.0,21526.5
715.6,20788.2
715.2,21202.9
714.8,21426.5
714.4,21058.8
714.0,21200.0
713.6,20705.9
713.2,20758.8
712.8,20979.4
712.4,20905.9
712.0,20991.2
711.6,20808.8
711.2,21011.8
710.8,20891.2
710.4,20776.5
710.0,20935.3
709.6,20597.1
709.2,20879.4
708.8,20600.0
708.4,20997.1
708.0,21102.9
707.6,20944.1
707.2,20811.8
706.8,21352.9
706.4,20723.5
706.0,20464.7
705.6,20017.6
705.2,19726.5
704.8,19208.8
704.4,18982.4
704.0,18585.3
703.6,18179.4
703.2,18144.1
702.8,18205.9
702.4,18158.8
702.0,17661.8
701.6,17941.2
701.2,18047.1
700.8,17600.0
700.4,16635.3
700.0,16379.4
699.6,16500.0
699.2,15741.2
698.8,15308.8
698.4,15144.1
698.0,15135.3
697.6,14547.1
697.2,14176.5
696.8,14082.4
696.4,13711.8
696.0,13373.5
695.6,13102.9
695.2,12961.8
694.8,12288.2
694.4,12350.0
694.0,12117.6
693.6,12520.6
693.2,11911.8
692.8,12550.0
692.4,12085.3
692.0,12558.8
691.6,13044.1
691.2,13929.4
690.8,15591.2
690.4,18935.3
690.0,24714.7
689.6,35091.2
689.2,54011.8
688.8,79511.8
688.4,107406.0
688.0,122824.0
687.6,119079.0
687.2,95961.8
686.8,64905.9
686.4,40650.0
686.0,26194.1
685.6,19523.5
685.2,16941.2
684.8,15329.4
684.4,14335.3
684.0,13855.9
683.6,13326.5
683.2,12620.6
682.8,12426.5
682.4,11938.2
682.0,11676.5
681.6,11047.1
681.2,11161.8
680.8,10870.6
680.4,10544.1
680.0,11100.0
679.6,11091.2
679.2,10914.7
678.8,10914.7
678.4,10747.1
678.0,10917.6
677.6,10794.1
677.2,10652.9
676.8,10838.2
676.4,10888.2
676.0,10820.6
675.6,10808.8
675.2,10855.9
674.8,10623.5
674.4,11050.0
674.0,10744.1
673.6,10847.1
673.2,10805.9
672.8,10735.3
672.4,10744.1
672.0,10752.9
671.6,10850.0
671.2,10811.8
670.8,10579.4
670.4,10720.6
670.0,10867.6
669.6,10720.6
669.2,11026.5
668.8,11070.6
668.4,10658.8
668.0,11152.9
667.6,11023.5
667.2,10708.8
666.8,10964.7
666.4,11091.2
666.0,10561.8
665.6,11135.3
665.2,11091.2
664.8,10891.2
664.4,10950.0
664.0,10926.5
663.6,11023.5
663.2,10752.9
662.8,10917.6
662.4,10923.5
662.0,11132.4
661.6,10902.9
661.2,10891.2
660.8,10997.1
660.4,11026.5
660.0,10970.6
659.6,10979.4
659.2,11088.2
658.8,10882.4
658.4,11052.9
658.0,11391.2
657.6,11144.1
657.2,10861.8
656.8,11211.8
656.4,11188.2
656.0,10935.3
655.6,11061.8
655.2,10782.4
654.8,11032.4
654.4,10885.3
654.0,11123.5
653.6,11323.5
653.2,11447.1
652.8,11135.3
652.4,11123.5
652.0,11079.4
651.6,11323.5
651.2,10964.7
650.8,11426.5
650.4,11252.9
650.0,11670.6
649.6,11261.8
649.2,11297.1
648.8,11405.9
648.4,11479.4
648.0,11147.1
647.6,11282.4
647.2,10905.9
646.8,11217.6
646.4,11264.7
646.0,11450.0
645.6,11064.7
645.2,11238.2
644.8,11270.6
644.4,11435.3
644.0,11650.0
643.6,11167.6
643.2,11541.2
642.8,11811.8
642.4,11426.5
642.0,11661.8
641.6,11182.4
641.2,11464.7
640.8,11617.6
640.4,11591.2
640.0,11341.2
639.6,11811.8
639.2,11264.7
638.8,11694.1
638.4,11694.1
638.0,11458.8
637.6,11685.3
637.2,11544.1
636.8,11367.6
636.4,11591.2
636.0,11858.8
635.6,11244.1
635.2,11555.9
634.8,11414.7
634.4,11761.8
634.0,11700.0
633.6,11758.8
633.2,11729.4
632.8,11411.8
632.4,11650.0
632.0,11641.2
631.6,11576.5
631.2,11694.1
630.8,11588.2
630.4,12135.3
630.0,11785.3
629.6,11752.9
629.2,11958.8
628.8,11794.1
628.4,11841.2
628.0,11847.1
627.6,11791.2
627.2,11602.9
626.8,11832.4
626.4,11679.4
626.0,11600.0
625.6,11679.4
625.2,11979.4
624.8,12000.0
624.4,11976.5
624.0,11838.2
623.6,12023.5
623.2,11832.4
622.8,11676.5
622.4,12052.9
622.0,11873.5
621.6,12061.8
621.2,11741.2
620.8,11923.5
620.4,11950.0
620.0,12167.6
619.6,11697.1
619.2,11894.1
618.8,11788.2
618.4,11914.7
618.0,12076.5
617.6,11976.5
617.2,11955.9
616.8,12217.6
616.4,12061.8
616.0,11847.1
615.6,11891.2
615.2,12014.7
614.8,12047.1
614.4,12467.6
614.0,12229.4
613.6,12308.8
613.2,12161.8
612.8,12079.4
612.4,12105.9
612.0,12126.5
611.6,11864.7
611.2,12217.6
610.8,12282.4
610.4,12314.7
610.0,12135.3
609.6,12314.7
609.2,12176.5
608.8,12373.5
608.4,12061.8
608.0,12376.5
607.6,12561.8
607.2,12541.2
606.8,12229.4
606.4,12661.8
606.0,12658.8
605.6,12185.3
605.2,12508.8
604.8,12573.5
604.4,12438.2
604.0,12567.6
603.6,12452.9
603.2,12523.5
602.8,12505.9
602.4,12644.1
602.0,12214.7
601.6,12611.8
601.2,12667.6
600.8,12464.7
600.4,12750.0
600.0,12520.6
599.6,12823.5
599.2,12497.1
598.8,12600.0
598.4,12820.6
598.0,12785.3
597.6,12423.5
597.2,12564.7
596.8,12350.0
596.4,12508.8
596.0,12444.1
595.6,12870.6
595.2,12535.3
594.8,12455.9
594.4,12850.0
594.0,12364.7
593.6,12432.4
593.2,12464.7
592.8,12705.9
592.4,12720.6
592.0,12579.4
591.6,12670.6
591.2,12870.6
590.8,12711.8
590.4,12523.5
590.0,12894.1
589.6,12844.1
589.2,13126.5
588.8,12555.9
588.4,12661.8
588.0,12808.8
587.6,13088.2
587.2,13067.6
586.8,12514.7
586.4,13029.4
586.0,12938.2
585.6,12835.3
585.2,13267.6
584.8,12705.9
584.4,12811.8
584.0,13014.7
583.6,12714.7
583.2,13035.3
582.8,12941.2
582.4,13088.2
582.0,13061.8
581.6,13017.6
581.2,13276.5
580.8,12782.4
580.4,13094.1
580.0,12864.7
579.6,13052.9
579.2,13041.2
578.8,13026.5
578.4,12947.1
578.0,13408.8
577.6,13023.5
577.2,13100.0
576.8,13305.9
576.4,13373.5
576.0,13344.1
575.6,13394.1
575.2,13500.0
574.8,13129.4
574.4,13132.4
574.0,12952.9
573.6,13314.7
573.2,13532.4
572.8,13647.1
572.4,13579.4
572.0,13200.0
571.6,12982.4
571.2,13429.4
570.8,13014.7
570.4,13150.0
570.0,12985.3
569.6,13097.1
569.2,13194.1
568.8,13326.5
568.4,13067.6
568.0,13182.4
567.6,13117.6
567.2,13226.5
566.8,12755.9
566.4,13020.6
566.0,12964.7
565.6,13005.9
565.2,12797.1
564.8,12811.8
564.4,13194.1
564.0,13032.4
563.6,12852.9
563.2,12979.4
562.8,13000.0
562.4,12979.4
562.0,13564.7
561.6,13420.6
561.2,13258.8
560.8,13252.9
560.4,13479.4
560.0,13358.8
559.6,13458.8
559.2,13723.5
558.8,13473.5
558.4,14005.9
558.0,13902.9
557.6,13938.2
557.2,14291.2
556.8,14688.2
556.4,14788.2
556.0,14420.6
555.6,14326.5
555.2,14608.8
554.8,14517.6
554.4,14770.6
554.0,15032.4
553.6,14976.5
553.2,14773.5
552.8,14561.8
552.4,14920.6
552.0,14897.1
551.6,14970.6
551.2,14626.5
550.8,14829.4
550.4,14570.6
550.0,14658.8
549.6,14182.4
549.2,14123.5
548.8,14167.6
548.4,13452.9
548.0,13552.9
547.6,13285.3
547.2,12991.2
546.8,12532.4
546.4,12673.5
546.0,12405.9
545.6,12044.1
545.2,12585.3
544.8,12017.6
544.4,11632.4
544.0,11561.8
543.6,11338.2
543.2,11164.7
542.8,10882.4
542.4,11247.1
542.0,10514.7
541.6,10888.2
541.2,10670.6
540.8,10594.1
540.4,9752.94
540.0,9802.94
539.6,9938.24
539.2,9285.29
538.8,8929.41
538.4,9091.18
538.0,8855.88
537.6,8841.18
537.2,9023.53
536.8,8850.0
536.4,9202.94
536.0,9191.18
535.6,9482.35
535.2,10091.2
534.8,10452.9
534.4,11082.4
534.0,12388.2
533.6,15532.4
533.2,21267.6
532.8,32673.5
532.4,48694.1
532.0,64314.7
531.6,70335.3
531.2,58341.2
530.8,38888.2
530.4,23764.7
530.0,16461.8
529.6,12711.8
529.2,11302.9
528.8,10717.6
528.4,10147.1
528.0,10202.9
527.6,9361.76
527.2,9385.29
526.8,9529.41
526.4,8911.76
526.0,8958.82
525.6,8744.12
525.2,8747.06
524.8,8605.88
524.4,8705.88
524.0,8605.88
523.6,8491.18
523.2,8855.88
522.8,9038.24
522.4,8476.47
522.0,8476.47
521.6,8532.35
521.2,8476.47
520.8,8535.29
520.4,8894.12
520.0,8488.24
519.6,8761.76
519.2,8888.24
518.8,8720.59
518.4,8582.35
518.0,8335.29
517.6,8614.71
517.2,8652.94
516.8,8844.12
516.4,8597.06
516.0,8788.24
515.6,8676.47
515.2,8694.12
514.8,9008.82
514.4,8500.0
514.0,8652.94
513.6,8576.47
513.2,8785.29
512.8,8582.35
512.4,8847.06
512.0,8532.35
511.6,8941.18
511.2,8841.18
510.8,8379.41
510.4,8532.35
510.0,8647.06
509.6,8676.47
509.2,8961.76
508.8,8858.82
508.4,8961.76
508.0,8650.0
507.6,8632.35
507.2,8779.41
506.8,8602.94
506.4,8976.47
506.0,9070.59
505.6,8582.35
505.2,8600.0
504.8,8773.53
504.4,8370.59
504.0,8638.24
503.6,9035.29
503.2,8602.94
502.8,8741.18
502.4,8644.12
502.0,8961.76
501.6,8676.47
501.2,8626.47
500.8,8767.65
500.4,8779.41
500.0,8620.59
499.6,8961.76
499.2,9223.53
498.8,9232.35
498.4,8920.59
498.0,9376.47
497.6,9238.24
497.2,8929.41
496.8,9400.0
496.4,9038.24
496.0,9405.88
495.6,9055.88
495.2,8867.65
494.8,8861.76
494.4,9100.0
494.0,8758.82
493.6,9188.24
493.2,9264.71
492.8,9185.29
492.4,8832.35
492.0,8805.88
491.6,8967.65
491.2,8941.18
490.8,8814.71
490.4,9235.29
490.0,9182.35
489.6,9067.65
489.2,9141.18
488.8,9102.94
488.4,8894.12
488.0,8720.59
487.6,9073.53
487.2,8879.41
486.8,9020.59
486.4,8950.0
486.0,9164.71
485.6,9179.41
485.2,9202.94
484.8,8817.65
484.4,9214.71
484.0,8926.47
483.6,9261.76
483.2,9202.94
482.8,8791.18
482.4,9061.76
482.0,9097.06
481.6,9350.0
481.2,9197.06
480.8,9208.82
480.4,9047.06
480.0,9047.06
479.6,8908.82
479.2,9114.71
478.8,9323.53
478.4,9100.0
478.0,9226.47
477.6,9155.88
477.2,9111.76
476.8,9205.88
476.4,9429.41
476.0,9488.24
475.6,9217.65
475.2,8905.88
474.8,9482.35
474.4,9035.29
474.0,9011.76
473.6,9302.94
473.2,9452.94
472.8,9161.76
472.4,9511.76
472.0,9132.35
471.6,9367.65
471.2,9452.94
470.8,9191.18
470.4,9552.94
470.0,9238.24
469.6,9229.41
469.2,9432.35
468.8,9338.24
468.4,9385.29
468.0,9158.82
467.6,9067.65
467.2,9291.18
466.8,9438.24
466.4,9435.29
466.0,9588.24
465.6,9511.76
465.2,9267.65
464.8,9564.71
464.4,9252.94
464.0,9138.24
463.6,9561.76
463.2,9173.53
462.8,9679.41
462.4,9423.53
462.0,9405.88
461.6,9341.18
461.2,9423.53
460.8,9376.47
460.4,9570.59
460.0,9708.82
459.6,9208.82
459.2,9423.53
458.8,9097.06
458.4,9432.35
458.0,9561.76
457.6,9532.35
457.2,9764.71
456.8,9464.71
456.4,9682.35
456.0,9402.94
455.6,9376.47
455.2,9297.06
454.8,10029.4
454.4,9785.29
454.0,9567.65
453.6,9673.53
453.2,9761.76
452.8,9508.82
452.4,9441.18
452.0,9455.88
451.6,9314.71
451.2,9388.24
450.8,9644.12
450.4,9464.71
450.0,9452.94
449.6,9911.76
449.2,9976.47
448.8,9764.71
448.4,9944.12
448.0,9602.94
447.6,9973.53
447.2,9470.59
446.8,9688.24
446.4,9979.41
446.0,9911.76
445.6,9670.59
445.2,9976.47
444.8,9826.47
444.4,9991.18
444.0,10008.8
443.6,10235.3
443.2,9917.65
442.8,10250.0
442.4,9870.59
442.0,10055.9
441.6,9626.47
441.2,10097.1
440.8,10170.6
440.4,9852.94
440.0,9688.24
439.6,9667.65
439.2,10111.8
438.8,9900.0
438.4,9944.12
438.0,9938.24
437.6,10055.9
437.2,9952.94
436.8,10064.7
436.4,10170.6
436.0,9941.18
435.6,10064.7
435.2,10029.4
434.8,10091.2
434.4,10011.8
434.0,9988.24
433.6,9905.88
433.2,10155.9
432.8,9782.35
432.4,9808.82
432.0,10085.3
431.6,10179.4
431.2,9994.12
430.8,10017.6
430.4,10073.5
430.0,9885.29
429.6,9847.06
429.2,10067.6
428.8,10347.1
428.4,10355.9
428.0,10317.6
427.6,10200.0
427.2,10129.4
426.8,10144.1
426.4,9944.12
426.0,10141.2
425.6,10697.1
425.2,10338.2
424.8,10411.8
424.4,10470.6
424.0,10173.5
423.6,10370.6
423.2,10517.6
422.8,10691.2
422.4,10947.1
422.0,10320.6
421.6,10620.6
421.2,10461.8
420.8,10444.1
420.4,10229.4
420.0,10502.9
419.6,10391.2
419.2,10379.4
418.8,10376.5
418.4,10158.8
418.0,10111.8
417.6,10100.0
417.2,10120.6
416.8,10308.8
416.4,10217.6
416.0,10179.4
415.6,9994.12
415.2,10094.1
414.8,9770.59
414.4,10044.1
414.0,9708.82
413.6,9847.06
413.2,9717.65
412.8,9567.65
412.4,9900.0
412.0,9591.18
411.6,9614.71
411.2,9302.94
410.8,9194.12
410.4,9326.47
410.0,8879.41
409.6,9120.59
409.2,9061.76
408.8,9091.18
408.4,9052.94
408.0,8991.18
407.6,8808.82
407.2,9064.71
406.8,9135.29
406.4,8817.65
406.0,8838.24
405.6,8832.35
405.2,8823.53
404.8,8926.47
404.4,8938.24
404.0,9423.53
403.6,10111.8
403.2,10970.6
402.8,13055.9
402.4,16273.5
402.0,19397.1
401.6,20079.4
401.2,17970.6
400.8,13908.8
400.4,11550.0
400.0,11535.3
399.6,13482.4
399.2,16079.4
398.8,18723.5
398.4,19432.4
398.0,17238.2
397.6,13508.8
397.2,11132.4
396.8,9829.41
396.4,9629.41
396.0,9335.29
395.6,9197.06
395.2,9241.18
394.8,9147.06
394.4,8897.06
394.0,9070.59
393.6,8576.47
393.2,8779.41
392.8,8964.71
392.4,9058.82
392.0,8864.71
391.6,8826.47
391.2,8697.06
390.8,8891.18
390.4,9023.53
390.0,8808.82
389.6,8944.12
389.2,9391.18
388.8,8858.82
388.4,8852.94
388.0,9079.41
387.6,9000.0
387.2,8691.18
386.8,9317.65
386.4,8970.59
386.0,9111.76
385.6,9100.0
385.2,9011.76
384.8,8897.06
384.4,9217.65
384.0,9082.35
383.6,9005.88
383.2,8970.59
382.8,8794.12
382.4,9005.88
382.0,9138.24
381.6,9300.0
381.2,9202.94
380.8,9061.76
380.4,9141.18
380.0,8970.59
379.6,8876.47
379.2,8897.06
378.8,9214.71
378.4,9132.35
378.0,9335.29
377.6,9261.76
377.2,9464.71
376.8,9067.65
376.4,9255.88
376.0,9129.41
375.6,9544.12
375.2,9108.82
374.8,9226.47
374.4,9364.71
374.0,9205.88
373.6,9379.41
373.2,9397.06
372.8,9055.88
372.4,9429.41
372.0,9591.18
371.6,9652.94
371.2,9341.18
370.8,9438.24
370.4,9444.12
370.0,9270.59
369.6,9788.24
369.2,9544.12
368.8,9344.12
368.4,9491.18
368.0,9397.06
367.6,9358.82
367.2,9661.76
366.8,9661.76
366.4,9538.24
366.0,9723.53
365.6,9508.82
365.2,9335.29
364.8,9782.35
364.4,9352.94
364.0,9885.29
363.6,9547.06
363.2,9573.53
362.8,9347.06
362.4,9894.12
362.0,9529.41
361.6,9576.47
361.2,9729.41
360.8,9761.76
360.4,9673.53
360.0,9632.35
359.6,9764.71
359.2,9738.24
358.8,9550.0
358.4,9591.18
358.0,9673.53
357.6,9432.35
357.2,9664.71
356.8,9773.53
356.4,9876.47
356.0,9967.65
355.6,9650.0
355.2,9941.18
354.8,9826.47
354.4,9744.12
354.0,9950.0
353.6,10002.9
353.2,10167.6
352.8,9900.0
352.4,10067.6
352.0,9735.29
351.6,10108.8
351.2,9588.24
350.8,9782.35
350.4,10067.6
350.0,10132.4
349.6,10147.1
349.2,9861.76
348.8,9838.24
348.4,10261.8
348.0,10123.5
347.6,10282.4
347.2,10038.2
346.8,9961.76
346.4,10091.2
346.0,10038.2
345.6,9947.06
345.2,10502.9
344.8,10105.9
344.4,9997.06
344.0,10052.9
343.6,10252.9
343.2,10338.2
342.8,10276.5
342.4,10429.4
342.0,10502.9
341.6,10105.9
341.2,10108.8
340.8,10176.5
340.4,10400.0
340.0,10211.8
339.6,10255.9
339.2,10526.5
338.8,10444.1
338.4,10250.0
338.0,10373.5
337.6,10200.0
337.2,10191.2
336.8,10229.4
336.4,10455.9
336.0,10155.9
335.6,10538.2
335.2,10467.6
334.8,10567.6
334.4,10120.6
334.0,10379.4
333.6,10582.4
333.2,10329.4
332.8,10282.4
332.4,10520.6
332.0,10511.8
331.6,10550.0
331.2,10523.5
330.8,10494.1
330.4,10650.0
330.0,10364.7
329.6,10447.1
329.2,10514.7
328.8,10267.6
328.4,10805.9
328.0,10338.2
327.6,10758.8
327.2,11000.0
326.8,10594.1
326.4,10650.0
326.0,10432.4
325.6,10952.9
325.2,10644.1
324.8,10526.5
324.4,10720.6
324.0,10644.1
323.6,10802.9
323.2,10564.7
322.8,10817.6
322.4,11052.9
322.0,10691.2
321.6,10997.1
321.2,11191.2
320.8,10632.4
320.4,10741.2
320.0,10667.6
319.6,11038.2
319.2,11270.6
318.8,10717.6
318.4,11176.5
318.0,11076.5
317.6,10794.1
317.2,11147.1
316.8,10797.1
316.4,11441.2
316.0,11341.2
315.6,10841.2
315.2,11352.9
314.8,11235.3
314.4,11235.3
314.0,11297.1
313.6,11391.2
313.2,11370.6
312.8,11829.4
312.4,11282.4
312.0,11573.5
311.6,11644.1
311.2,11479.4
310.8,11550.0
310.4,11235.3
310.0,11455.9
309.6,11191.2
309.2,11520.6
308.8,11361.8
308.4,11288.2
308.0,11605.9
307.6,11138.2
307.2,11400.0
306.8,11332.4
306.4,11582.4
306.0,11247.1
305.6,11405.9
305.2,11332.4
304.8,11488.2
304.4,11752.9
304.0,11214.7
303.6,10952.9
303.2,11035.3
302.8,10702.9
302.4,11047.1
302.0,10879.4
301.6,10673.5
301.2,10385.3
300.8,9929.41
300.4,9655.88
300.0,9597.06
299.6,9058.82
299.2,8776.47
298.8,8511.76
298.4,8388.24
298.0,8094.12
297.6,8079.41
297.2,7579.41
296.8,7291.18
296.4,7338.24
296.0,6891.18
295.6,6517.65
295.2,6429.41
294.8,6658.82
294.4,6661.76
294.0,6947.06
293.6,7579.41
293.2,9397.06
292.8,12858.8
292.4,16894.1
292.0,18276.5
291.6,15455.9
291.2,11208.8
290.8,7805.88
290.4,6317.65
290.0,6047.06
289.6,5876.47
289.2,6276.47
288.8,6297.06
288.4,6655.88
288.0,7708.82
287.6,9729.41
287.2,13379.4
286.8,20226.5
286.4,30900.0
286.0,41714.7
285.6,47638.2
285.2,49855.9
284.8,50402.9
284.4,46085.3
284.0,35711.8
283.6,22726.5
283.2,14026.5
282.8,8976.47
282.4,7102.94
282.0,6488.24
281.6,6097.06
281.2,5761.76
280.8,5500.0
280.4,5161.76
280.0,5161.76
279.6,4850.0
279.2,4864.71
278.8,4700.0
278.4,4708.82
278.0,5026.47
277.6,4638.24
277.2,4705.88
276.8,4673.53
276.4,4591.18
276.0,4311.76
275.6,4529.41
275.2,4614.71
274.8,4650.0
274.4,4644.12
274.0,4432.35
273.6,4673.53
273.2,4514.71
272.8,4432.35
272.4,4488.24
272.0,4494.12
271.6,4579.41
271.2,4585.29
270.8,4358.82
270.4,4635.29
270.0,4608.82
269.6,4555.88
269.2,4544.12
268.8,4485.29
268.4,4679.41
268.0,4514.71
267.6,4461.76
267.2,4594.12
266.8,4447.06
266.4,4517.65
266.0,4350.0
265.6,4635.29
265.2,4358.82
264.8,4502.94
264.4,4676.47
264.0,4497.06
263.6,4552.94
263.2,4367.65
262.8,4626.47
262.4,4794.12
262.0,4520.59
261.6,4502.94
261.2,4658.82
260.8,4514.71
260.4,4508.82
260.0,4611.76
259.6,4755.88
259.2,4847.06
258.8,4894.12
258.4,4638.24
258.0,4867.65
257.6,4708.82
257.2,4794.12
256.8,4852.94
256.4,4673.53
256.0,4785.29
255.6,4717.65
255.2,4755.88
254.8,4970.59
254.4,4879.41
254.0,4811.76
253.6,4879.41
253.2,4850.0
252.8,5041.18
252.4,4811.76
252.0,5214.71
251.6,4800.0
251.2,4817.65
250.8,4697.06
250.4,4694.12
250.0,4785.29
249.6,4641.18
249.2,4702.94
248.8,4605.88
248.4,4658.82
248.0,4847.06
247.6,4388.24
247.2,4755.88
246.8,4614.71
246.4,4370.59
246.0,4470.59
245.6,4288.24
245.2,4217.65
244.8,4358.82
244.4,4217.65
244.0,4382.35
243.6,4002.94
243.2,4108.82
242.8,3926.47
242.4,3885.29
242.0,3876.47
241.6,4026.47
241.2,3950.0
240.8,3858.82
240.4,4073.53
240.0,3726.47
239.6,3811.76
239.2,3829.41
238.8,3908.82
238.4,3838.24
238.0,3732.35
237.6,3752.94
237.2,4023.53
236.8,3988.24
236.4,4255.88
236.0,4608.82
235.6,4705.88
235.2,4988.24
234.8,5594.12
234.4,6632.35
234.0,7791.18
233.6,9332.35
233.2,11220.6
232.8,12961.8
232.4,13941.2
232.0,13458.8
231.6,12102.9
231.2,10408.8
230.8,8729.41
230.4,7191.18
230.0,6338.24
229.6,5770.59
229.2,5376.47
228.8,4841.18
228.4,4361.76
228.0,4220.59
227.6,4011.76
227.2,4014.71
226.8,3888.24
226.4,3950.0
226.0,3770.59
225.6,3714.71
225.2,3867.65
224.8,3594.12
224.4,3617.65
224.0,3402.94
223.6,3708.82
223.2,3529.41
222.8,3400.0
222.4,3567.65
222.0,3402.94
221.6,3429.41
221.2,3476.47
220.8,3555.88
220.4,3473.53
220.0,3594.12
219.6,3529.41
219.2,3464.71
218.8,3385.29
218.4,3370.59
218.0,3326.47
217.6,3444.12
217.2,3370.59
216.8,3491.18
216.4,3185.29
216.0,3308.82
215.6,3208.82
215.2,3494.12
214.8,3382.35
214.4,3470.59
214.0,3458.82
213.6,3514.71
213.2,3535.29
212.8,3323.53
212.4,3500.0
212.0,3485.29
211.6,3550.0
211.2,3464.71
210.8,3300.0
210.4,3485.29
210.0,3532.35
209.6,3452.94
209.2,3485.29
208.8,3597.06
208.4,3326.47
208.0,3326.47
207.6,3494.12
207.2,3352.94
206.8,3452.94
206.4,3585.29
206.0,3491.18
205.6,3291.18
205.2,3444.12
204.8,3432.35
204.4,3347.06
204.0,3535.29
203.6,3170.59
203.2,3408.82
202.8,3447.06
202.4,3450.0
202.0,3367.65
201.6,3402.94
201.2,3241.18
200.8,3355.88
200.4,3447.06
200.0,3350.0
199.6,3455.88
199.2,3535.29
198.8,3417.65
198.4,3364.71
198.0,3438.24
197.6,3594.12
197.2,3529.41
196.8,3638.24
196.4,3535.29
196.0,3458.82
195.6,3629.41
195.2,3517.65
194.8,3508.82
194.4,3470.59
194.0,3697.06
193.6,3852.94
193.2,3732.35
192.8,3605.88
192.4,3800.0
192.0,3500.0
191.6,3861.76
191.2,3720.59
190.8,3755.88
190.4,3741.18
190.0,3950.0
189.6,3720.59
189.2,3991.18
188.8,3647.06
188.4,3858.82
188.0,3547.06
187.6,3570.59
187.2,3467.65
186.8,3632.35
186.4,3620.59
186.0,3382.35
185.6,3400.0
185.2,3408.82
184.8,3361.76
184.4,3311.76
184.0,3320.59
183.6,3379.41
183.2,3020.59
182.8,3150.0
182.4,2967.65
182.0,2979.41
181.6,2870.59
181.2,2691.18
180.8,2620.59
180.4,2726.47
180.0,2447.06
179.6,2452.94
179.2,2376.47
178.8,2226.47
178.4,2270.59
178.0,2200.0
177.6,2205.88
177.2,2102.94
176.8,2029.41
176.4,2135.29
176.0,1997.06
175.6,1920.59
175.2,1773.53
174.8,1829.41
174.4,1820.59
174.0,1735.29
173.6,1876.47
173.2,1802.94
172.8,1802.94
172.4,1991.18
172.0,2205.88
171.6,2385.29
171.2,3020.59
170.8,3958.82
170.4,5991.18
170.0,9255.88
169.6,13526.5
169.2,16482.4
168.8,19458.8
168.4,21458.8
168.0,20738.2
167.6,15082.4
167.2,8432.35
166.8,4623.53
166.4,3155.88
166.0,2826.47
165.6,2485.29
165.2,2300.0
164.8,2235.29
164.4,2097.06
164.0,1926.47
163.6,1829.41
163.2,1841.18
162.8,1802.94
162.4,1750.0
162.0,1573.53
161.6,1547.06
161.2,1467.65
160.8,1544.12
160.4,1588.24
160.0,1482.35
159.6,1544.12
159.2,1526.47
158.8,1747.06
158.4,1505.88
158.0,1585.29
157.6,1552.94
157.2,1614.71
156.8,1605.88
156.4,1676.47
156.0,1514.71
155.6,1579.41
155.2,1526.47
154.8,1500.0
154.4,1544.12
154.0,1641.18
153.6,1802.94
153.2,1802.94
152.8,2067.65
152.4,2267.65
152.0,2026.47
151.6,2147.06
151.2,1835.29
150.8,1914.71
150.4,1635.29
150.0,1691.18
149.6,1523.53
149.2,1561.76
148.8,1817.65
148.4,1558.82
148.0,1502.94
147.6,1479.41
147.2,1494.12
146.8,1535.29
146.4,1461.76
146.0,1605.88
145.6,1691.18
145.2,1482.35
144.8,1797.06
144.4,1644.12
144.0,1650.0
143.6,1532.35
143.2,1550.0
142.8,1629.41
142.4,1691.18
142.0,1652.94
141.6,1535.29
141.2,1605.88
140.8,1614.71
140.4,1561.76
140.0,1682.35
139.6,1602.94
139.2,1676.47
138.8,1711.76
138.4,1576.47
138.0,1673.53
137.6,1741.18
137.2,1714.71
136.8,1588.24
136.4,1576.47
136.0,1735.29
135.6,1611.76
135.2,1670.59
134.8,1723.53
134.4,1655.88
134.0,1702.94
133.6,1600.0
133.2,1741.18
132.8,1585.29
132.4,1697.06
132.0,1579.41
131.6,1611.76
131.2,1688.24
130.8,1611.76
130.4,1711.76
130.0,1685.29
129.6,1682.35
129.2,1614.71
128.8,1605.88
128.4,1644.12
128.0,1729.41
127.6,1805.88
127.2,1588.24
126.8,1676.47
126.4,1676.47
126.0,1688.24
125.6,1661.76
125.2,1638.24
124.8,1682.35
124.4,1655.88
124.0,1632.35
123.6,1817.65
123.2,1632.35
122.8,1705.88
122.4,1767.65
122.0,1802.94
121.6,1632.35
121.2,1605.88
120.8,1702.94
120.4,1676.47
120.0,1547.06
119.6,1758.82
119.2,1785.29
118.8,1750.0
118.4,1747.06
118.0,1629.41
117.6,1720.59
117.2,1697.06
116.8,1729.41
116.4,1791.18
116.0,1770.59
115.6,1779.41
115.2,1717.65
114.8,1802.94
114.4,1691.18
114.0,1711.76
113.6,1620.59
113.2,1835.29
112.8,1767.65
112.4,1808.82
112.0,1652.94
111.6,1714.71
111.2,1438.24
110.8,1664.71
110.4,1717.65
110.0,1638.24
109.6,1679.41
109.2,1732.35
108.8,1800.0
108.4,1679.41
108.0,1700.0
107.6,1658.82
107.2,1588.24
106.8,1585.29
106.4,1552.94
106.0,1776.47
105.6,1788.24
105.2,1744.12
104.8,1711.76
104.4,1711.76
104.0,1623.53
103.6,1782.35
103.2,1729.41
102.8,1785.29
102.4,1970.59
102.0,2120.59
101.6,2335.29
101.2,2455.88
100.8,2650.0
100.4,2326.47
100.0,1891.18
99.6,1832.35
99.2,1808.82
98.8,1773.53
98.4,1694.12
98.0,1538.24
97.6,1847.06
97.2,1741.18
96.8,1738.24
96.4,1750.0
96.0,1785.29
95.6,1800.0
95.2,1723.53
94.8,1776.47
94.4,1805.88
94.0,1647.06
93.6,1658.82
93.2,1820.59
92.8,1861.76
92.4,1808.82
92.0,1773.53
91.6,1823.53
91.2,1711.76
90.8,1735.29
90.4,1797.06
90.0,1867.65
89.6,1797.06
89.2,1867.65
88.8,1914.71
88.4,1926.47
88.0,1894.12
87.6,1782.35
87.2,1847.06
86.8,1738.24
86.4,1691.18
86.0,1808.82
85.6,1747.06
85.2,1779.41
84.8,1823.53
84.4,1723.53
84.0,1902.94
83.6,1923.53
83.2,1720.59
82.8,1873.53
82.4,1750.0
82.0,1805.88
81.6,1870.59
81.2,1923.53
80.8,1911.76
80.4,1844.12
80.0,1773.53
79.6,1900.0
79.2,1741.18
78.8,1882.35
78.4,1897.06
78.0,1938.24
77.6,1897.06
77.2,1952.94
76.8,1832.35
76.4,1852.94
76.0,1820.59
75.6,1811.76
75.2,1814.71
74.8,1820.59
74.4,1952.94
74.0,1776.47
73.6,1794.12
73.2,1864.71
72.8,1779.41
72.4,2032.35
72.0,1832.35
71.6,1952.94
71.2,1952.94
70.8,1905.88
70.4,1885.29
70.0,1952.94
69.6,1897.06
69.2,1876.47
68.8,1973.53
68.4,1952.94
68.0,1800.0
67.6,2017.65
67.2,1955.88
66.8,1973.53
66.4,1770.59
66.0,1841.18
65.6,2050.0
65.2,2002.94
64.8,1797.06
64.4,1973.53
64.0,1938.24
63.6,2029.41
63.2,1982.35
62.8,2191.18
62.4,1976.47
62.0,2020.59
61.6,1982.35
61.2,2047.06
60.8,1988.24
60.4,2014.71
60.0,2120.59
59.6,2108.82
59.2,1985.29
58.8,2091.18
58.4,1861.76
58.0,2147.06
57.6,2020.59
57.2,2126.47
56.8,2079.41
56.4,2147.06
56.0,1991.18
55.6,1964.71
55.2,2044.12
54.8,2023.53
54.4,2035.29
54.0,2052.94
53.6,2076.47
53.2,2117.65
52.8,1955.88
52.4,2002.94
52.0,1964.71
51.6,2079.41
51.2,1894.12
50.8,1867.65
50.4,1794.12
50.0,1988.24
49.6,1858.82
49.2,1800.0
48.8,1994.12
48.4,1908.82
48.0,1864.71
47.6,1823.53
47.2,1711.76
46.8,1876.47
46.4,1752.94
46.0,1820.59
45.6,1755.88
45.2,1850.0
44.8,1802.94
44.4,1782.35
44.0,1764.71
43.6,1767.65
43.2,1620.59
42.8,1805.88
42.4,1720.59
42.0,1717.65
41.6,1641.18
41.2,1655.88
40.8,1682.35
40.4,1852.94
40.0,1861.76
39.6,1688.24
39.2,1844.12
38.8,2058.82
38.4,1985.29
38.0,2182.35
37.6,2355.88
37.2,2441.18
36.8,2723.53
36.4,3052.94
36.0,3308.82
35.6,3376.47
35.2,3411.76
34.8,3505.88
34.4,4008.82
34.0,3920.59
33.6,4432.35
33.2,4320.59
32.8,4541.18
32.4,4155.88
32.0,3847.06
31.6,3488.24
31.2,3011.76
30.8,2626.47
30.4,2408.82
30.0,2388.24
29.6,2247.06
29.2,2035.29
28.8,2158.82
28.4,2202.94
28.0,1902.94
27.6,1997.06
27.2,2029.41
26.8,1897.06
26.4,1911.76
26.0,1805.88
25.6,1858.82
25.2,1900.0
24.8,2002.94
24.4,1823.53
24.0,1879.41
23.6,1670.59
23.2,1511.76
22.8,1276.47
22.4,1232.35
22.0,1108.82
21.6,1058.82
21.2,1058.82
20.8,958.824
20.4,1208.82
20.0,1244.12
19.6,1444.12
19.2,1605.88
18.8,1832.35
18.4,2167.65
18.0,2226.47
17.6,2017.65
17.2,1744.12
16.8,1632.35
16.4,1808.82
16.0,1682.35
15.6,1838.24
15.2,1935.29
14.8,2155.88
14.4,2308.82
14.0,2008.82
13.6,1679.41
13.2,1329.41
12.8,1273.53
12.4,1311.76
12.0,1735.29
11.6,1935.29
11.2,2200.0
10.8,2600.0
10.4,2423.53
10.0,2811.76
9.6,2438.24
9.2,2017.65
8.8,1488.24
8.4,1011.76
8.0,800.0
7.6,752.941
7.2,750.0
6.8,732.353
6.4,705.882
6.0,847.059
5.6,738.235
5.2,685.294
4.8,623.529
4.4,435.294
4.0,361.765
3.6,341.176
3.2,197.059
2.8,182.353
2.4,226.471
2.0,152.941
1.6,208.824
1.2,173.529
0.8,138.235
0.4,132.353
