Binding Energy/eV,Intensity,ac
1399.0,112785.0,112785.0
1398.6,111762.0,111762.0
1398.2,112538.0,112538.0
1397.8,112932.0,112932.0
1397.4,112547.0,112547.0
1397.0,111991.0,111991.0
1396.6,111629.0,111629.0
1396.2,112288.0,112288.0
1395.8,111626.0,111626.0
1395.4,111515.0,111515.0
1395.0,110844.0,110844.0
1394.6,111012.0,111012.0
1394.2,111168.0,111168.0
1393.8,109759.0,109759.0
1393.4,110356.0,110356.0
1393.0,110021.0,110021.0
1392.6,110221.0,110221.0
1392.2,110085.0,110085.0
1391.8,109144.0,109144.0
1391.4,108865.0,108865.0
1391.0,109282.0,109282.0
1390.6,109521.0,109521.0
1390.2,108774.0,108774.0
1389.8,108721.0,108721.0
1389.4,109144.0,109144.0
1389.0,108124.0,108124.0
1388.6,109000.0,109000.0
1388.2,107485.0,107485.0
1387.8,107003.0,107003.0
1387.4,107426.0,107426.0
1387.0,106894.0,106894.0
1386.6,106965.0,106965.0
1386.2,107194.0,107194.0
1385.8,106312.0,106312.0
1385.4,106306.0,106306.0
1385.0,104997.0,104997.0
1384.6,105688.0,105688.0
1384.2,105926.0,105926.0
1383.8,105744.0,105744.0
1383.4,104879.0,104879.0
1383.0,106074.0,106074.0
1382.6,105041.0,105041.0
1382.2,105085.0,105085.0
1381.8,104329.0,104329.0
1381.4,105665.0,105665.0
1381.0,104662.0,104662.0
1380.6,105815.0,105815.0
1380.2,104321.0,104321.0
1379.8,102726.0,102726.0
1379.4,103712.0,103712.0
1379.0,102403.0,102403.0
1378.6,102900.0,102900.0
1378.2,102906.0,102906.0
1377.8,103421.0,103421.0
1377.4,101350.0,101350.0
1377.0,101968.0,101968.0
1376.6,101576.0,101576.0
1376.2,101565.0,101565.0
1375.8,101597.0,101597.0
1375.4,101685.0,101685.0
1375.0,101144.0,101144.0
1374.6,101112.0,101112.0
1374.2,100182.0,100182.0
1373.8,100341.0,100341.0
1373.4,99794.1,99794.1
1373.0,99697.1,99697.1
1372.6,100256.0,100256.0
1372.2,99014.7,99014.7
1371.8,99585.3,99585.3
1371.4,98414.7,98414.7
1371.0,98679.4,98679.4
1370.6,98588.2,98588.2
1370.2,99200.0,99200.0
1369.8,99452.9,99452.9
1369.4,98835.3,98835.3
1369.0,97438.2,97438.2
1368.6,97670.6,97670.6
1368.2,97414.7,97414.7
1367.8,97326.5,97326.5
1367.4,97447.1,97447.1
1367.0,96914.7,96914.7
1366.6,97379.4,97379.4
1366.2,96161.8,96161.8
1365.8,96932.4,96932.4
1365.4,95570.6,95570.6
1365.0,95532.4,95532.4
1364.6,95776.5,95776.5
1364.2,94932.4,94932.4
1363.8,95579.4,95579.4
1363.4,96226.5,96226.5
1363.0,95558.8,95558.8
1362.6,94002.9,94002.9
1362.2,94620.6,94620.6
1361.8,94220.6,94220.6
1361.4,94191.2,94191.2
1361.0,94494.1,94494.1
1360.6,94091.2,94091.2
1360.2,93532.4,93532.4
1359.8,93044.1,93044.1
1359.4,93117.6,93117.6
1359.0,91973.5,91973.5
1358.6,91985.3,91985.3
1358.2,92161.8,92161.8
1357.8,93161.8,93161.8
1357.4,92064.7,92064.7
1357.0,92535.3,92535.3
1356.6,91361.8,91361.8
1356.2,91608.8,91608.8
1355.8,91232.4,91232.4
1355.4,91044.1,91044.1
1355.0,91455.9,91455.9
1354.6,91414.7,91414.7
1354.2,90094.1,90094.1
1353.8,89900.0,89900.0
1353.4,91085.3,91085.3
1353.0,89785.3,89785.3
1352.6,89102.9,89102.9
1352.2,89047.1,89047.1
1351.8,88694.1,88694.1
1351.4,88382.4,88382.4
1351.0,88929.4,88929.4
1350.6,88826.5,88826.5
1350.2,88635.3,88635.3
1349.8,88108.8,88108.8
1349.4,88685.3,88685.3
1349.0,87755.9,87755.9
1348.6,87697.1,87697.1
1348.2,87229.4,87229.4
1347.8,86250.0,86250.0
1347.4,86932.4,86932.4
1347.0,86361.8,86361.8
1346.6,86870.6,86870.6
1346.2,87023.5,87023.5
1345.8,85726.5,85726.5
1345.4,85779.4,85779.4
1345.0,86570.6,86570.6
1344.6,85870.6,85870.6
1344.2,86452.9,86452.9
1343.8,85723.5,85723.5
1343.4,86441.2,86441.2
1343.0,86385.3,86385.3
1342.6,85773.5,85773.5
1342.2,85920.6,85920.6
1341.8,85323.5,85323.5
1341.4,86285.3,86285.3
1341.0,85532.4,85532.4
1340.6,84905.9,84905.9
1340.2,85491.2,85491.2
1339.8,84102.9,84102.9
1339.4,83708.8,83708.8
1339.0,83535.3,83535.3
1338.6,84170.6,84170.6
1338.2,83638.2,83638.2
1337.8,82947.1,82947.1
1337.4,82594.1,82594.1
1337.0,83052.9,83052.9
1336.6,82670.6,82670.6
1336.2,82120.6,82120.6
1335.8,82188.2,82188.2
1335.4,82511.8,82511.8
1335.0,82241.2,82241.2
1334.6,82626.5,82626.5
1334.2,81317.6,81317.6
1333.8,82705.9,82705.9
1333.4,80611.8,80611.8
1333.0,80720.6,80720.6
1332.6,79488.2,79488.2
1332.2,79123.5,79123.5
1331.8,79961.8,79961.8
1331.4,79823.5,79823.5
1331.0,79208.8,79208.8
1330.6,79629.4,79629.4
1330.2,78444.1,78444.1
1329.8,77011.8,77011.8
1329.4,77955.9,77955.9
1329.0,78150.0,78150.0
1328.6,78332.4,78332.4
1328.2,78544.1,78544.1
1327.8,77355.9,77355.9
1327.4,76120.6,76120.6
1327.0,76644.1,76644.1
1326.6,77082.4,77082.4
1326.2,77564.7,77564.7
1325.8,76776.5,76776.5
1325.4,77102.9,77102.9
1325.0,77023.5,77023.5
1324.6,76867.6,76867.6
1324.2,76402.9,76402.9
1323.8,76835.3,76835.3
1323.4,76555.9,76555.9
1323.0,76232.4,76232.4
1322.6,76726.5,76726.5
1322.2,75873.5,75873.5
1321.8,75782.4,75782.4
1321.4,74508.8,74508.8
1321.0,74941.2,74941.2
1320.6,73861.8,73861.8
1320.2,74855.9,74855.9
1319.8,73647.1,73647.1
1319.4,73750.0,73750.0
1319.0,73426.5,73426.5
1318.6,73432.4,73432.4
1318.2,72744.1,72744.1
1317.8,73276.5,73276.5
1317.4,73029.4,73029.4
1317.0,71685.3,71685.3
1316.6,72691.2,72691.2
1316.2,72123.5,72123.5
1315.8,72014.7,72014.7
1315.4,71305.9,71305.9
1315.0,71182.4,71182.4
1314.6,70591.2,70591.2
1314.2,71838.2,71838.2
1313.8,70494.1,70494.1
1313.4,71044.1,71044.1
1313.0,70005.9,70005.9
1312.6,70091.2,70091.2
1312.2,70391.2,70391.2
1311.8,68717.6,68717.6
1311.4,69820.6,69820.6
1311.0,69638.2,69638.2
1310.6,68908.8,68908.8
1310.2,69114.7,69114.7
1309.8,68988.2,68988.2
1309.4,68685.3,68685.3
1309.0,69417.6,69417.6
1308.6,68750.0,68750.0
1308.2,69029.4,69029.4
1307.8,68805.9,68805.9
1307.4,69023.5,69023.5
1307.0,69502.9,69502.9
1306.6,69261.8,69261.8
1306.2,69082.4,69082.4
1305.8,69517.6,69517.6
1305.4,70097.1,70097.1
1305.0,69964.7,69964.7
1304.6,70955.9,70955.9
1304.2,71235.3,71235.3
1303.8,71135.3,71135.3
1303.4,71658.8,71658.8
1303.0,70455.9,70455.9
1302.6,71023.5,71023.5
1302.2,71038.2,71038.2
1301.8,69291.2,69291.2
1301.4,69652.9,69652.9
1301.0,68988.2,68988.2
1300.6,69638.2,69638.2
1300.2,68770.6,68770.6
1299.8,67988.2,67988.2
1299.4,67779.4,67779.4
1299.0,67726.5,67726.5
1298.6,67614.7,67614.7
1298.2,65982.4,65982.4
1297.8,65800.0,65800.0
1297.4,65797.1,65797.1
1297.0,65491.2,65491.2
1296.6,64479.4,64479.4
1296.2,65602.9,65602.9
1295.8,63658.8,63658.8
1295.4,64914.7,64914.7
1295.0,64497.1,64497.1
1294.6,64773.5,64773.5
1294.2,64788.2,64788.2
1293.8,64588.2,64588.2
1293.4,63788.2,63788.2
1293.0,63617.6,63617.6
1292.6,63479.4,63479.4
1292.2,63400.0,63400.0
1291.8,63082.4,63082.4
1291.4,62823.5,62823.5
1291.0,63276.5,63276.5
1290.6,63291.2,63291.2
1290.2,63644.1,63644.1
1289.8,62764.7,62764.7
1289.4,63041.2,63041.2
1289.0,62905.9,62905.9
1288.6,62585.3,62585.3
1288.2,62535.3,62535.3
1287.8,63144.1,63144.1
1287.4,63414.7,63414.7
1287.0,62229.4,62229.4
1286.6,62438.2,62438.2
1286.2,62988.2,62988.2
1285.8,63388.2,63388.2
1285.4,62532.4,62532.4
1285.0,63547.1,63547.1
1284.6,61626.5,61626.5
1284.2,62638.2,62638.2
1283.8,62644.1,62644.1
1283.4,61573.5,61573.5
1283.0,61955.9,61955.9
1282.6,61735.3,61735.3
1282.2,61576.5,61576.5
1281.8,62873.5,62873.5
1281.4,62000.0,62000.0
1281.0,62326.5,62326.5
1280.6,61488.2,61488.2
1280.2,62173.5,62173.5
1279.8,60594.1,60594.1
1279.4,61329.4,61329.4
1279.0,61073.5,61073.5
1278.6,60476.5,60476.5
1278.2,61123.5,61123.5
1277.8,60682.4,60682.4
1277.4,61147.1,61147.1
1277.0,61652.9,61652.9
1276.6,60773.5,60773.5
1276.2,61011.8,61011.8
1275.8,60805.9,60805.9
1275.4,61211.8,61211.8
1275.0,60532.4,60532.4
1274.6,60508.8,60508.8
1274.2,61532.4,61532.4
1273.8,60541.2,60541.2
1273.4,60573.5,60573.5
1273.0,60682.4,60682.4
1272.6,61132.4,61132.4
1272.2,60247.1,60247.1
1271.8,59567.6,59567.6
1271.4,60220.6,60220.6
1271.0,59855.9,59855.9
1270.6,60900.0,60900.0
1270.2,60726.5,60726.5
1269.8,60491.2,60491.2
1269.4,60264.7,60264.7
1269.0,60644.1,60644.1
1268.6,59676.5,59676.5
1268.2,60564.7,60564.7
1267.8,59717.6,59717.6
1267.4,59376.5,59376.5
1267.0,59773.5,59773.5
1266.6,60100.0,60100.0
1266.2,59682.4,59682.4
1265.8,59285.3,59285.3
1265.4,60094.1,60094.1
1265.0,59529.4,59529.4
1264.6,59908.8,59908.8
1264.2,59420.6,59420.6
1263.8,60564.7,60564.7
1263.4,59632.4,59632.4
1263.0,59952.9,59952.9
1262.6,59647.1,59647.1
1262.2,59297.1,59297.1
1261.8,59852.9,59852.9
1261.4,58605.9,58605.9
1261.0,59129.4,59129.4
1260.6,58626.5,58626.5
1260.2,59450.0,59450.0
1259.8,59244.1,59244.1
1259.4,59126.5,59126.5
1259.0,59638.2,59638.2
1258.6,58832.4,58832.4
1258.2,59611.8,59611.8
1257.8,60023.5,60023.5
1257.4,59502.9,59502.9
1257.0,59405.9,59405.9
1256.6,58952.9,58952.9
1256.2,58517.6,58517.6
1255.8,59317.6,59317.6
1255.4,58647.1,58647.1
1255.0,59467.6,59467.6
1254.6,59152.9,59152.9
1254.2,58647.1,58647.1
1253.8,58602.9,58602.9
1253.4,58588.2,58588.2
1253.0,59141.2,59141.2
1252.6,59247.1,59247.1
1252.2,59282.4,59282.4
1251.8,58838.2,58838.2
1251.4,59970.6,59970.6
1251.0,59644.1,59644.1
1250.6,59344.1,59344.1
1250.2,59400.0,59400.0
1249.8,59744.1,59744.1
1249.4,59994.1,59994.1
1249.0,60291.2,60291.2
1248.6,59897.1,59897.1
1248.2,60550.0,60550.0
1247.8,59979.4,59979.4
1247.4,60138.2,60138.2
1247.0,59882.4,59882.4
1246.6,59617.6,59617.6
1246.2,59458.8,59458.8
1245.8,60185.3,60185.3
1245.4,59761.8,59761.8
1245.0,59767.6,59767.6
1244.6,60120.6,60120.6
1244.2,59847.1,59847.1
1243.8,59770.6,59770.6
1243.4,59914.7,59914.7
1243.0,60100.0,60100.0
1242.6,58579.4,58579.4
1242.2,58423.5,58423.5
1241.8,59338.2,59338.2
1241.4,58526.5,58526.5
1241.0,58785.3,58785.3
1240.6,58600.0,58600.0
1240.2,58138.2,58138.2
1239.8,58691.2,58691.2
1239.4,58341.2,58341.2
1239.0,58576.5,58576.5
1238.6,57429.4,57429.4
1238.2,58588.2,58588.2
1237.8,57079.4,57079.4
1237.4,57873.5,57873.5
1237.0,57455.9,57455.9
1236.6,57082.4,57082.4
1236.2,57894.1,57894.1
1235.8,57170.6,57170.6
1235.4,58282.4,58282.4
1235.0,57805.9,57805.9
1234.6,57917.6,57917.6
1234.2,57388.2,57388.2
1233.8,56958.8,56958.8
1233.4,57197.1,57197.1
1233.0,57752.9,57752.9
1232.6,58044.1,58044.1
1232.2,58308.8,58308.8
1231.8,58135.3,58135.3
1231.4,57917.6,57917.6
1231.0,59020.6,59020.6
1230.6,59005.9,59005.9
1230.2,58476.5,58476.5
1229.8,58420.6,58420.6
1229.4,58276.5,58276.5
1229.0,58285.3,58285.3
1228.6,58635.3,58635.3
1228.2,59102.9,59102.9
1227.8,59061.8,59061.8
1227.4,58661.8,58661.8
1227.0,58329.4,58329.4
1226.6,58629.4,58629.4
1226.2,59050.0,59050.0
1225.8,58858.8,58858.8
1225.4,58420.6,58420.6
1225.0,58076.5,58076.5
1224.6,58388.2,58388.2
1224.2,58323.5,58323.5
1223.8,58402.9,58402.9
1223.4,57967.6,57967.6
1223.0,58017.6,58017.6
1222.6,57729.4,57729.4
1222.2,56952.9,56952.9
1221.8,56905.9,56905.9
1221.4,57441.2,57441.2
1221.0,57870.6,57870.6
1220.6,57752.9,57752.9
1220.2,56723.5,56723.5
1219.8,55947.1,55947.1
1219.4,56405.9,56405.9
1219.0,56067.6,56067.6
1218.6,56302.9,56302.9
1218.2,56450.0,56450.0
1217.8,55505.9,55505.9
1217.4,56023.5,56023.5
1217.0,56311.8,56311.8
1216.6,54985.3,54985.3
1216.2,55229.4,55229.4
1215.8,55091.2,55091.2
1215.4,54697.1,54697.1
1215.0,54285.3,54285.3
1214.6,54932.4,54932.4
1214.2,54079.4,54079.4
1213.8,54667.6,54667.6
1213.4,53750.0,53750.0
1213.0,54602.9,54602.9
1212.6,54141.2,54141.2
1212.2,53564.7,53564.7
1211.8,53508.8,53508.8
1211.4,53785.3,53785.3
1211.0,53394.1,53394.1
1210.6,52905.9,52905.9
1210.2,53014.7,53014.7
1209.8,53452.9,53452.9
1209.4,52191.2,52191.2
1209.0,53261.8,53261.8
1208.6,53270.6,53270.6
1208.2,52500.0,52500.0
1207.8,53008.8,53008.8
1207.4,52767.6,52767.6
1207.0,52661.8,52661.8
1206.6,53026.5,53026.5
1206.2,52726.5,52726.5
1205.8,52485.3,52485.3
1205.4,52764.7,52764.7
1205.0,53179.4,53179.4
1204.6,52535.3,52535.3
1204.2,52702.9,52702.9
1203.8,52920.6,52920.6
1203.4,52444.1,52444.1
1203.0,52414.7,52414.7
1202.6,52873.5,52873.5
1202.2,52894.1,52894.1
1201.8,52223.5,52223.5
1201.4,52514.7,52514.7
1201.0,52820.6,52820.6
1200.6,53223.5,53223.5
1200.2,53417.6,53417.6
1199.8,52517.6,52517.6
1199.4,52638.2,52638.2
1199.0,52873.5,52873.5
1198.6,53535.3,53535.3
1198.2,53964.7,53964.7
1197.8,54614.7,54614.7
1197.4,53723.5,53723.5
1197.0,53894.1,53894.1
1196.6,54705.9,54705.9
1196.2,54076.5,54076.5
1195.8,54891.2,54891.2
1195.4,54058.8,54058.8
1195.0,54173.5,54173.5
1194.6,54111.8,54111.8
1194.2,53476.5,53476.5
1193.8,53623.5,53623.5
1193.4,52911.8,52911.8
1193.0,52888.2,52888.2
1192.6,53141.2,53141.2
1192.2,52705.9,52705.9
1191.8,53135.3,53135.3
1191.4,52655.9,52655.9
1191.0,54108.8,54108.8
1190.6,52444.1,52444.1
1190.2,52250.0,52250.0
1189.8,53279.4,53279.4
1189.4,53191.2,53191.2
1189.0,53429.4,53429.4
1188.6,53073.5,53073.5
1188.2,52717.6,52717.6
1187.8,52297.1,52297.1
1187.4,53273.5,53273.5
1187.0,53532.4,53532.4
1186.6,53376.5,53376.5
1186.2,52641.2,52641.2
1185.8,51917.6,51917.6
1185.4,52270.6,52270.6
1185.0,52547.1,52547.1
1184.6,52617.6,52617.6
1184.2,52970.6,52970.6
1183.8,52444.1,52444.1
1183.4,52050.0,52050.0
1183.0,52891.2,52891.2
1182.6,51726.5,51726.5
1182.2,51555.9,51555.9
1181.8,52461.8,52461.8
1181.4,52717.6,52717.6
1181.0,52438.2,52438.2
1180.6,52985.3,52985.3
1180.2,52264.7,52264.7
1179.8,52935.3,52935.3
1179.4,52755.9,52755.9
1179.0,52050.0,52050.0
1178.6,52858.8,52858.8
1178.2,52494.1,52494.1
1177.8,52988.2,52988.2
1177.4,52791.2,52791.2
1177.0,52076.5,52076.5
1176.6,52779.4,52779.4
1176.2,51647.1,51647.1
1175.8,52126.5,52126.5
1175.4,52350.0,52350.0
1175.0,51964.7,51964.7
1174.6,51935.3,51935.3
1174.2,51873.5,51873.5
1173.8,52014.7,52014.7
1173.4,52908.8,52908.8
1173.0,52161.8,52161.8
1172.6,51747.1,51747.1
1172.2,51926.5,51926.5
1171.8,52570.6,52570.6
1171.4,52691.2,52691.2
1171.0,52152.9,52152.9
1170.6,52732.4,52732.4
1170.2,52697.1,52697.1
1169.8,52764.7,52764.7
1169.4,52714.7,52714.7
1169.0,51838.2,51838.2
1168.6,53102.9,53102.9
1168.2,52994.1,52994.1
1167.8,53170.6,53170.6
1167.4,53232.4,53232.4
1167.0,53050.0,53050.0
1166.6,53088.2,53088.2
1166.2,52505.9,52505.9
1165.8,52885.3,52885.3
1165.4,52638.2,52638.2
1165.0,52855.9,52855.9
1164.6,52882.4,52882.4
1164.2,53664.7,53664.7
1163.8,53005.9,53005.9
1163.4,53055.9,53055.9
1163.0,52708.8,52708.8
1162.6,52223.5,52223.5
1162.2,52864.7,52864.7
1161.8,53129.4,53129.4
1161.4,52791.2,52791.2
1161.0,52894.1,52894.1
1160.6,52650.0,52650.0
1160.2,52779.4,52779.4
1159.8,53017.6,53017.6
1159.4,52785.3,52785.3
1159.0,53226.5,53226.5
1158.6,53435.3,53435.3
1158.2,53597.1,53597.1
1157.8,53455.9,53455.9
1157.4,52844.1,52844.1
1157.0,52579.4,52579.4
1156.6,53144.1,53144.1
1156.2,53505.9,53505.9
1155.8,53650.0,53650.0
1155.4,53882.4,53882.4
1155.0,52252.9,52252.9
1154.6,53138.2,53138.2
1154.2,53217.6,53217.6
1153.8,52817.6,52817.6
1153.4,53420.6,53420.6
1153.0,53352.9,53352.9
1152.6,53320.6,53320.6
1152.2,52900.0,52900.0
1151.8,53623.5,53623.5
1151.4,53902.9,53902.9
1151.0,53797.1,53797.1
1150.6,53529.4,53529.4
1150.2,52485.3,52485.3
1149.8,54026.5,54026.5
1149.4,53688.2,53688.2
1149.0,53073.5,53073.5
1148.6,53935.3,53935.3
1148.2,52985.3,52985.3
1147.8,53550.0,53550.0
1147.4,52544.1,52544.1
1147.0,54173.5,54173.5
1146.6,53335.3,53335.3
1146.2,54032.4,54032.4
1145.8,53611.8,53611.8
1145.4,53976.5,53976.5
1145.0,54382.4,54382.4
1144.6,53755.9,53755.9
1144.2,54323.5,54323.5
1143.8,53908.8,53908.8
1143.4,53273.5,53273.5
1143.0,53979.4,53979.4
1142.6,53820.6,53820.6
1142.2,53517.6,53517.6
1141.8,53614.7,53614.7
1141.4,54135.3,54135.3
1141.0,53644.1,53644.1
1140.6,54100.0,54100.0
1140.2,53670.6,53670.6
1139.8,53097.1,53097.1
1139.4,54238.2,54238.2
1139.0,53408.8,53408.8
1138.6,54273.5,54273.5
1138.2,53482.4,53482.4
1137.8,53938.2,53938.2
1137.4,54241.2,54241.2
1137.0,54732.4,54732.4
1136.6,54050.0,54050.0
1136.2,54264.7,54264.7
1135.8,54091.2,54091.2
1135.4,54094.1,54094.1
1135.0,54923.5,54923.5
1134.6,55026.5,55026.5
1134.2,55323.5,55323.5
1133.8,55341.2,55341.2
1133.4,55026.5,55026.5
1133.0,54452.9,54452.9
1132.6,54902.9,54902.9
1132.2,54908.8,54908.8
1131.8,54547.1,54547.1
1131.4,54338.2,54338.2
1131.0,53976.5,53976.5
1130.6,54564.7,54564.7
1130.2,54258.8,54258.8
1129.8,53985.3,53985.3
1129.4,54552.9,54552.9
1129.0,55158.8,55158.8
1128.6,55382.4,55382.4
1128.2,54764.7,54764.7
1127.8,54864.7,54864.7
1127.4,53573.5,53573.5
1127.0,55394.1,55394.1
1126.6,54358.8,54358.8
1126.2,53785.3,53785.3
1125.8,53844.1,53844.1
1125.4,54073.5,54073.5
1125.0,53361.8,53361.8
1124.6,54241.2,54241.2
1124.2,54558.8,54558.8
1123.8,54294.1,54294.1
1123.4,53776.5,53776.5
1123.0,55038.2,55038.2
1122.6,53782.4,53782.4
1122.2,54605.9,54605.9
1121.8,54344.1,54344.1
1121.4,53661.8,53661.8
1121.0,53788.2,53788.2
1120.6,54432.4,54432.4
1120.2,54688.2,54688.2
1119.8,55229.4,55229.4
1119.4,54241.2,54241.2
1119.0,54514.7,54514.7
1118.6,54702.9,54702.9
1118.2,53911.8,53911.8
1117.8,54755.9,54755.9
1117.4,54700.0,54700.0
1117.0,54650.0,54650.0
1116.6,54167.6,54167.6
1116.2,54667.6,54667.6
1115.8,54464.7,54464.7
1115.4,54535.3,54535.3
1115.0,54364.7,54364.7
1114.6,54311.8,54311.8
1114.2,54867.6,54867.6
1113.8,53791.2,53791.2
1113.4,54255.9,54255.9
1113.0,52708.8,52708.8
1112.6,54455.9,54455.9
1112.2,54520.6,54520.6
1111.8,54511.8,54511.8
1111.4,54914.7,54914.7
1111.0,53941.2,53941.2
1110.6,55191.2,55191.2
1110.2,54047.1,54047.1
1109.8,55276.5,55276.5
1109.4,54932.4,54932.4
1109.0,55123.5,55123.5
1108.6,55441.2,55441.2
1108.2,55229.4,55229.4
1107.8,56035.3,56035.3
1107.4,54552.9,54552.9
1107.0,56061.8,56061.8
1106.6,55050.0,55050.0
1106.2,54497.1,54497.1
1105.8,55102.9,55102.9
1105.4,55305.9,55305.9
1105.0,54955.9,54955.9
1104.6,55252.9,55252.9
1104.2,55144.1,55144.1
1103.8,54567.6,54567.6
1103.4,55144.1,55144.1
1103.0,55088.2,55088.2
1102.6,54879.4,54879.4
1102.2,55047.1,55047.1
1101.8,55241.2,55241.2
1101.4,55841.2,55841.2
1101.0,54923.5,54923.5
1100.6,56023.5,56023.5
1100.2,55558.8,55558.8
1099.8,55576.5,55576.5
1099.4,55008.8,55008.8
1099.0,55538.2,55538.2
1098.6,54332.4,54332.4
1098.2,55250.0,55250.0
1097.8,55347.1,55347.1
1097.4,55567.6,55567.6
1097.0,55711.8,55711.8
1096.6,55700.0,55700.0
1096.2,55185.3,55185.3
1095.8,55808.8,55808.8
1095.4,55179.4,55179.4
1095.0,55861.8,55861.8
1094.6,55944.1,55944.1
1094.2,56167.6,56167.6
1093.8,55526.5,55526.5
1093.4,55694.1,55694.1
1093.0,56738.2,56738.2
1092.6,56088.2,56088.2
1092.2,55817.6,55817.6
1091.8,55111.8,55111.8
1091.4,55620.6,55620.6
1091.0,55432.4,55432.4
1090.6,56426.5,56426.5
1090.2,55567.6,55567.6
1089.8,56061.8,56061.8
1089.4,55941.2,55941.2
1089.0,55644.1,55644.1
1088.6,56258.8,56258.8
1088.2,56447.1,56447.1
1087.8,56461.8,56461.8
1087.4,55911.8,55911.8
1087.0,56144.1,56144.1
1086.6,56520.6,56520.6
1086.2,55994.1,55994.1
1085.8,56002.9,56002.9
1085.4,55191.2,55191.2
1085.0,56594.1,56594.1
1084.6,55214.7,55214.7
1084.2,55997.1,55997.1
1083.8,55658.8,55658.8
1083.4,55967.6,55967.6
1083.0,55985.3,55985.3
1082.6,56429.4,56429.4
1082.2,55929.4,55929.4
1081.8,55767.6,55767.6
1081.4,56017.6,56017.6
1081.0,56208.8,56208.8
1080.6,56667.6,56667.6
1080.2,56376.5,56376.5
1079.8,56470.6,56470.6
1079.4,55744.1,55744.1
1079.0,56344.1,56344.1
1078.6,56761.8,56761.8
1078.2,56229.4,56229.4
1077.8,56291.2,56291.2
1077.4,56526.5,56526.5
1077.0,56147.1,56147.1
1076.6,56091.2,56091.2
1076.2,56214.7,56214.7
1075.8,56352.9,56352.9
1075.4,56326.5,56326.5
1075.0,55717.6,55717.6
1074.6,56747.1,56747.1
1074.2,56217.6,56217.6
1073.8,56688.2,56688.2
1073.4,56576.5,56576.5
1073.0,57117.6,57117.6
1072.6,57229.4,57229.4
1072.2,57994.1,57994.1
1071.8,57114.7,57114.7
1071.4,57320.6,57320.6
1071.0,56611.8,56611.8
1070.6,57291.2,57291.2
1070.2,56688.2,56688.2
1069.8,57476.5,57476.5
1069.4,56714.7,56714.7
1069.0,56944.1,56944.1
1068.6,57235.3,57235.3
1068.2,57667.6,57667.6
1067.8,58000.0,58000.0
1067.4,57355.9,57355.9
1067.0,57567.6,57567.6
1066.6,57385.3,57385.3
1066.2,57458.8,57458.8
1065.8,57155.9,57155.9
1065.4,57338.2,57338.2
1065.0,56738.2,56738.2
1064.6,57264.7,57264.7
1064.2,56738.2,56738.2
1063.8,57794.1,57794.1
1063.4,57502.9,57502.9
1063.0,57358.8,57358.8
1062.6,57620.6,57620.6
1062.2,57755.9,57755.9
1061.8,57988.2,57988.2
1061.4,56967.6,56967.6
1061.0,57473.5,57473.5
1060.6,57964.7,57964.7
1060.2,57144.1,57144.1
1059.8,57891.2,57891.2
1059.4,58647.1,58647.1
1059.0,56817.6,56817.6
1058.6,57697.1,57697.1
1058.2,57552.9,57552.9
1057.8,57594.1,57594.1
1057.4,56905.9,56905.9
1057.0,57008.8,57008.8
1056.6,57326.5,57326.5
1056.2,58026.5,58026.5
1055.8,57279.4,57279.4
1055.4,57358.8,57358.8
1055.0,57282.4,57282.4
1054.6,56952.9,56952.9
1054.2,56494.1,56494.1
1053.8,57208.8,57208.8
1053.4,57067.6,57067.6
1053.0,56450.0,56450.0
1052.6,57911.8,57911.8
1052.2,57800.0,57800.0
1051.8,57164.7,57164.7
1051.4,57535.3,57535.3
1051.0,57052.9,57052.9
1050.6,58094.1,58094.1
1050.2,57723.5,57723.5
1049.8,57976.5,57976.5
1049.4,58179.4,58179.4
1049.0,58338.2,58338.2
1048.6,59161.8,59161.8
1048.2,59058.8,59058.8
1047.8,59423.5,59423.5
1047.4,59858.8,59858.8
1047.0,61573.5,61573.5
1046.6,65294.1,65294.1
1046.2,68673.5,68673.5
1045.8,70370.6,70370.6
1045.4,73141.2,73141.2
1045.0,73470.6,73470.6
1044.6,71602.9,71602.9
1044.2,68197.1,68197.1
1043.8,64550.0,64550.0
1043.4,61985.3,61985.3
1043.0,60300.0,60300.0
1042.6,58379.4,58379.4
1042.2,58038.2,58038.2
1041.8,58047.1,58047.1
1041.4,58376.5,58376.5
1041.0,57914.7,57914.7
1040.6,58244.1,58244.1
1040.2,57702.9,57702.9
1039.8,58576.5,58576.5
1039.4,57770.6,57770.6
1039.0,58182.4,58182.4
1038.6,58061.8,58061.8
1038.2,58250.0,58250.0
1037.8,57608.8,57608.8
1037.4,57429.4,57429.4
1037.0,58120.6,58120.6
1036.6,57823.5,57823.5
1036.2,57173.5,57173.5
1035.8,57355.9,57355.9
1035.4,57120.6,57120.6
1035.0,57008.8,57008.8
1034.6,57394.1,57394.1
1034.2,57564.7,57564.7
1033.8,56926.5,56926.5
1033.4,57244.1,57244.1
1033.0,57820.6,57820.6
1032.6,57364.7,57364.7
1032.2,56117.6,56117.6
1031.8,56344.1,56344.1
1031.4,56473.5,56473.5
1031.0,55982.4,55982.4
1030.6,55944.1,55944.1
1030.2,56094.1,56094.1
1029.8,55773.5,55773.5
1029.4,55047.1,55047.1
1029.0,55808.8,55808.8
1028.6,56573.5,56573.5
1028.2,55952.9,55952.9
1027.8,55894.1,55894.1
1027.4,55220.6,55722.9
1027.0,56055.9,55722.5
1026.6,56205.9,55721.9
1026.2,56864.7,55720.5
1025.8,56588.2,55719.5
1025.4,57552.9,55717.2
1025.0,57941.2,55714.5
1024.6,59158.8,55710.3
1024.2,60791.2,55704.1
1023.8,65961.8,55691.5
1023.4,71820.6,55671.8
1023.0,77876.5,55644.7
1022.6,84120.6,55609.8
1022.2,87597.1,55570.7
1021.8,86217.6,55533.2
1021.4,81541.2,55501.4
1021.0,73879.4,55479.0
1020.6,66802.9,55465.1
1020.2,61426.5,55457.8
1019.8,59132.4,55453.3
1019.4,57414.7,55450.9
1019.0,57726.5,55448.1
1018.6,56452.9,55446.9
1018.2,56397.1,55445.8
1017.8,56085.3,55445.0
1017.4,55914.7,55444.4
1017.0,56011.8,55443.7
1016.6,55576.5,55443.5
1016.2,56200.0,55442.6
1015.8,55067.6,55442.2
1015.4,55058.8,55058.8
1015.0,55905.9,55905.9
1014.6,55644.1,55644.1
1014.2,55576.5,55576.5
1013.8,55744.1,55744.1
1013.4,55417.6,55417.6
1013.0,55902.9,55902.9
1012.6,55908.8,55908.8
1012.2,56338.2,56338.2
1011.8,55811.8,55811.8
1011.4,55532.4,55532.4
1011.0,55805.9,55805.9
1010.6,56232.4,56232.4
1010.2,55497.1,55497.1
1009.8,55391.2,55391.2
1009.4,55388.2,55388.2
1009.0,55547.1,55547.1
1008.6,56014.7,56014.7
1008.2,56438.2,56438.2
1007.8,55805.9,55805.9
1007.4,55391.2,55391.2
1007.0,55844.1,55844.1
1006.6,55320.6,55320.6
1006.2,56241.2,56241.2
1005.8,55658.8,55658.8
1005.4,55773.5,55773.5
1005.0,55988.2,55988.2
1004.6,56423.5,56423.5
1004.2,55823.5,55823.5
1003.8,56902.9,56902.9
1003.4,56585.3,56585.3
1003.0,56788.2,56788.2
1002.6,55741.2,55741.2
1002.2,56829.4,56829.4
1001.8,57152.9,57152.9
1001.4,56697.1,56697.1
1001.0,56591.2,56591.2
1000.6,57005.9,57005.9
1000.2,56744.1,56744.1
999.8,56702.9,56702.9
999.4,56691.2,56691.2
999.0,57232.4,57232.4
998.6,57147.1,57147.1
998.2,57488.2,57488.2
997.8,56320.6,56320.6
997.4,57544.1,57544.1
997.0,56658.8,56658.8
996.6,56091.2,56091.2
996.2,56491.2,56491.2
995.8,56747.1,56747.1
995.4,56714.7,56714.7
995.0,56414.7,56414.7
994.6,55900.0,55900.0
994.2,56844.1,56844.1
993.8,56788.2,56788.2
993.4,56991.2,56991.2
993.0,56717.6,56717.6
992.6,57182.4,57182.4
992.2,56914.7,56914.7
991.8,56726.5,56726.5
991.4,56576.5,56576.5
991.0,57402.9,57402.9
990.6,57288.2,57288.2
990.2,57526.5,57526.5
989.8,57202.9,57202.9
989.4,56608.8,56608.8
989.0,56932.4,56932.4
988.6,56994.1,56994.1
988.2,56952.9,56952.9
987.8,57567.6,57567.6
987.4,57170.6,57170.6
987.0,57411.8,57411.8
986.6,56376.5,56376.5
986.2,57438.2,57438.2
985.8,57002.9,57002.9
985.4,57170.6,57170.6
985.0,56994.1,56994.1
984.6,57879.4,57879.4
984.2,57394.1,57394.1
983.8,57058.8,57058.8
983.4,57273.5,57273.5
983.0,57782.4,57782.4
982.6,57582.4,57582.4
982.2,58091.2,58091.2
981.8,57414.7,57414.7
981.4,57608.8,57608.8
981.0,57373.5,57373.5
980.6,58270.6,58270.6
980.2,58235.3,58235.3
979.8,58314.7,58314.7
979.4,58944.1,58944.1
979.0,58947.1,58947.1
978.6,58564.7,58564.7
978.2,59261.8,59261.8
977.8,58776.5,58776.5
977.4,58897.1,58897.1
977.0,59076.5,59076.5
976.6,58894.1,58894.1
976.2,59194.1,59194.1
975.8,59152.9,59152.9
975.4,58620.6,58620.6
975.0,59664.7,59664.7
974.6,58994.1,58994.1
974.2,58976.5,58976.5
973.8,58597.1,58597.1
973.4,59447.1,59447.1
973.0,58917.6,58917.6
972.6,58414.7,58414.7
972.2,58979.4,58979.4
971.8,58423.5,58423.5
971.4,59247.1,59247.1
971.0,58929.4,58929.4
970.6,57897.1,57897.1
970.2,59455.9,59455.9
969.8,58773.5,58773.5
969.4,58505.9,58505.9
969.0,57591.2,57591.2
968.6,58141.2,58141.2
968.2,57938.2,57938.2
967.8,57935.3,57935.3
967.4,57629.4,57629.4
967.0,57814.7,57814.7
966.6,58179.4,58179.4
966.2,57329.4,57329.4
965.8,58341.2,58341.2
965.4,58588.2,58588.2
965.0,57691.2,57691.2
964.6,57914.7,57914.7
964.2,58123.5,58123.5
963.8,58061.8,58061.8
963.4,57870.6,57870.6
963.0,58688.2,58688.2
962.6,58164.7,58164.7
962.2,57702.9,57702.9
961.8,57323.5,57323.5
961.4,57255.9,57255.9
961.0,58188.2,58188.2
960.6,57938.2,57938.2
960.2,57308.8,57308.8
959.8,57967.6,57967.6
959.4,58200.0,58200.0
959.0,58441.2,58441.2
958.6,58029.4,58029.4
958.2,57717.6,57717.6
957.8,58285.3,58285.3
957.4,58202.9,58202.9
957.0,57502.9,57502.9
956.6,58217.6,58217.6
956.2,57820.6,57820.6
955.8,57338.2,57338.2
955.4,58279.4,58279.4
955.0,59226.5,59226.5
954.6,58808.8,58808.8
954.2,58602.9,58602.9
953.8,57864.7,57864.7
953.4,57661.8,57661.8
953.0,58832.4,58832.4
952.6,58679.4,58679.4
952.2,58255.9,58255.9
951.8,58738.2,58738.2
951.4,58435.3,58435.3
951.0,59400.0,59400.0
950.6,58523.5,58523.5
950.2,59476.5,59476.5
949.8,58541.2,58541.2
949.4,58376.5,58376.5
949.0,58444.1,58444.1
948.6,59317.6,59317.6
948.2,58779.4,58779.4
947.8,58800.0,58800.0
947.4,58194.1,58194.1
947.0,59094.1,59094.1
946.6,58123.5,58123.5
946.2,59450.0,59450.0
945.8,59505.9,59505.9
945.4,58794.1,58794.1
945.0,58988.2,58988.2
944.6,59708.8,59708.8
944.2,58976.5,58976.5
943.8,58647.1,58647.1
943.4,59332.4,59332.4
943.0,59423.5,59423.5
942.6,59082.4,59082.4
942.2,59864.7,59864.7
941.8,58717.6,58717.6
941.4,58547.1,58547.1
941.0,59855.9,59855.9
940.6,59532.4,59532.4
940.2,59200.0,59200.0
939.8,59105.9,59105.9
939.4,59464.7,59464.7
939.0,59702.9,59702.9
938.6,59035.3,59035.3
938.2,59802.9,59802.9
937.8,59852.9,59852.9
937.4,59867.6,59867.6
937.0,59100.0,59100.0
936.6,59941.2,59941.2
936.2,60011.8,60011.8
935.8,59938.2,59938.2
935.4,59938.2,59938.2
935.0,60491.2,60491.2
934.6,59355.9,59355.9
934.2,60152.9,60152.9
933.8,60232.4,60232.4
933.4,61473.5,61473.5
933.0,59711.8,59711.8
932.6,60147.1,60147.1
932.2,61167.6,61167.6
931.8,59579.4,59579.4
931.4,59885.3,59885.3
931.0,61005.9,61005.9
930.6,60117.6,60117.6
930.2,60476.5,60476.5
929.8,60200.0,60200.0
929.4,60467.6,60467.6
929.0,60397.1,60397.1
928.6,60152.9,60152.9
928.2,60664.7,60664.7
927.8,60776.5,60776.5
927.4,60097.1,60097.1
927.0,60226.5,60226.5
926.6,60550.0,60550.0
926.2,60629.4,60629.4
925.8,61020.6,61020.6
925.4,60379.4,60379.4
925.0,61261.8,61261.8
924.6,60352.9,60352.9
924.2,60300.0,60300.0
923.8,59991.2,59991.2
923.4,60826.5,60826.5
923.0,61364.7,61364.7
922.6,61252.9,61252.9
922.2,60855.9,60855.9
921.8,61641.2,61641.2
921.4,61726.5,61726.5
921.0,61361.8,61361.8
920.6,61485.3,61485.3
920.2,60667.6,60667.6
919.8,61588.2,61588.2
919.4,61511.8,61511.8
919.0,60570.6,60570.6
918.6,61002.9,61002.9
918.2,61526.5,61526.5
917.8,60923.5,60923.5
917.4,61891.2,61891.2
917.0,61652.9,61652.9
916.6,61726.5,61726.5
916.2,61588.2,61588.2
915.8,61950.0,61950.0
915.4,61002.9,61002.9
915.0,61273.5,61273.5
914.6,61391.2,61391.2
914.2,61741.2,61741.2
913.8,61420.6,61420.6
913.4,61761.8,61761.8
913.0,61864.7,61864.7
912.6,61797.1,61797.1
912.2,61873.5,61873.5
911.8,61905.9,61905.9
911.4,61938.2,61938.2
911.0,61576.5,61576.5
910.6,62482.4,62482.4
910.2,62117.6,62117.6
909.8,62000.0,62000.0
909.4,62841.2,62841.2
909.0,62091.2,62091.2
908.6,62447.1,62447.1
908.2,61988.2,61988.2
907.8,61894.1,61894.1
907.4,62450.0,62450.0
907.0,61488.2,61488.2
906.6,61752.9,61752.9
906.2,62385.3,62385.3
905.8,61997.1,61997.1
905.4,62817.6,62817.6
905.0,62158.8,62158.8
904.6,62652.9,62652.9
904.2,62655.9,62655.9
903.8,62441.2,62441.2
903.4,62850.0,62850.0
903.0,63588.2,63588.2
902.6,62005.9,62005.9
902.2,62752.9,62752.9
901.8,62914.7,62914.7
901.4,62470.6,62470.6
901.0,62576.5,62576.5
900.6,63320.6,63320.6
900.2,62700.0,62700.0
899.8,62150.0,62150.0
899.4,62147.1,62147.1
899.0,62432.4,62432.4
898.6,62320.6,62320.6
898.2,63076.5,63076.5
897.8,63776.5,63776.5
897.4,62858.8,62858.8
897.0,62961.8,62961.8
896.6,63691.2,63691.2
896.2,63582.4,63582.4
895.8,63064.7,63064.7
895.4,62502.9,62502.9
895.0,63188.2,63188.2
894.6,63432.4,63432.4
894.2,63873.5,63873.5
893.8,63529.4,63529.4
893.4,63923.5,63923.5
893.0,63426.5,63426.5
892.6,63688.2,63688.2
892.2,63647.1,63647.1
891.8,63191.2,63191.2
891.4,63567.6,63567.6
891.0,64061.8,64061.8
890.6,64394.1,64394.1
890.2,64182.4,64182.4
889.8,63741.2,63741.2
889.4,63661.8,63661.8
889.0,63758.8,63758.8
888.6,63041.2,63041.2
888.2,64123.5,64123.5
887.8,64276.5,64276.5
887.4,64200.0,64200.0
887.0,64252.9,64252.9
886.6,64326.5,64326.5
886.2,64750.0,64750.0
885.8,64179.4,64179.4
885.4,63829.4,63829.4
885.0,64273.5,64273.5
884.6,64173.5,64173.5
884.2,64723.5,64723.5
883.8,64391.2,64391.2
883.4,64500.0,64500.0
883.0,64941.2,64941.2
882.6,65044.1,65044.1
882.2,65550.0,65550.0
881.8,64808.8,64808.8
881.4,65529.4,65529.4
881.0,64750.0,64750.0
880.6,64570.6,64570.6
880.2,64897.1,64897.1
879.8,64905.9,64905.9
879.4,64841.2,64841.2
879.0,65717.6,65717.6
878.6,65332.4,65332.4
878.2,65776.5,65776.5
877.8,65376.5,65376.5
877.4,65664.7,65664.7
877.0,65873.5,65873.5
876.6,64979.4,64979.4
876.2,65670.6,65670.6
875.8,65982.4,65982.4
875.4,65652.9,65652.9
875.0,66202.9,66202.9
874.6,65650.0,65650.0
874.2,65838.2,65838.2
873.8,65502.9,65502.9
873.4,65338.2,65338.2
873.0,66432.4,66432.4
872.6,66250.0,66250.0
872.2,66711.8,66711.8
871.8,65620.6,65620.6
871.4,65741.2,65741.2
871.0,65526.5,65526.5
870.6,65955.9,65955.9
870.2,66370.6,66370.6
869.8,66373.5,66373.5
869.4,66438.2,66438.2
869.0,66679.4,66679.4
868.6,67302.9,67302.9
868.2,65876.5,65876.5
867.8,66102.9,66102.9
867.4,66264.7,66264.7
867.0,67032.4,67032.4
866.6,66544.1,66544.1
866.2,67717.6,67717.6
865.8,66558.8,66558.8
865.4,67120.6,67120.6
865.0,66544.1,66544.1
864.6,66852.9,66852.9
864.2,67779.4,67779.4
863.8,67517.6,67517.6
863.4,67511.8,67511.8
863.0,67317.6,67317.6
862.6,66852.9,66852.9
862.2,68388.2,68388.2
861.8,68250.0,68250.0
861.4,68061.8,68061.8
861.0,68141.2,68141.2
860.6,67611.8,67611.8
860.2,68670.6,68670.6
859.8,67488.2,67488.2
859.4,68747.1,68747.1
859.0,68585.3,68585.3
858.6,68523.5,68523.5
858.2,69282.4,69282.4
857.8,68355.9,68355.9
857.4,68502.9,68502.9
857.0,68882.4,68882.4
856.6,68247.1,68247.1
856.2,67167.6,67167.6
855.8,68664.7,68664.7
855.4,68441.2,68441.2
855.0,68067.6,68067.6
854.6,68579.4,68579.4
854.2,68317.6,68317.6
853.8,68555.9,68555.9
853.4,68129.4,68129.4
853.0,68961.8,68961.8
852.6,68161.8,68161.8
852.2,69479.4,69479.4
851.8,68294.1,68294.1
851.4,69364.7,69364.7
851.0,67852.9,67852.9
850.6,68929.4,68929.4
850.2,69273.5,69273.5
849.8,69023.5,69023.5
849.4,68432.4,68432.4
849.0,68747.1,68747.1
848.6,68620.6,68620.6
848.2,69644.1,69644.1
847.8,68897.1,68897.1
847.4,68629.4,68629.4
847.0,68800.0,68800.0
846.6,69152.9,69152.9
846.2,69500.0,69500.0
845.8,69526.5,69526.5
845.4,68711.8,68711.8
845.0,68858.8,68858.8
844.6,69802.9,69802.9
844.2,68570.6,68570.6
843.8,69385.3,69385.3
843.4,69905.9,69905.9
843.0,69852.9,69852.9
842.6,69355.9,69355.9
842.2,69591.2,69591.2
841.8,69035.3,69035.3
841.4,70223.5,70223.5
841.0,70244.1,70244.1
840.6,69885.3,69885.3
840.2,70547.1,70547.1
839.8,70764.7,70764.7
839.4,69923.5,69923.5
839.0,70152.9,70152.9
838.6,70644.1,70644.1
838.2,70558.8,70558.8
837.8,71232.4,71232.4
837.4,71450.0,71450.0
837.0,71302.9,71302.9
836.6,71717.6,71717.6
836.2,72576.5,72576.5
835.8,71617.6,71617.6
835.4,72061.8,72061.8
835.0,72479.4,72479.4
834.6,73288.2,73288.2
834.2,72838.2,72838.2
833.8,73185.3,73185.3
833.4,72694.1,72694.1
833.0,73620.6,73620.6
832.6,73988.2,73988.2
832.2,73102.9,73102.9
831.8,73288.2,73288.2
831.4,73102.9,73102.9
831.0,73594.1,73594.1
830.6,72761.8,72761.8
830.2,73447.1,73447.1
829.8,73479.4,73479.4
829.4,72588.2,72588.2
829.0,72655.9,72655.9
828.6,72373.5,72373.5
828.2,72370.6,72370.6
827.8,72255.9,72255.9
827.4,72729.4,72729.4
827.0,72717.6,72717.6
826.6,72150.0,72150.0
826.2,71661.8,71661.8
825.8,71161.8,71161.8
825.4,72511.8,72511.8
825.0,71111.8,71111.8
824.6,71908.8,71908.8
824.2,71744.1,71744.1
823.8,71508.8,71508.8
823.4,71544.1,71544.1
823.0,72394.1,72394.1
822.6,71232.4,71232.4
822.2,71623.5,71623.5
821.8,71608.8,71608.8
821.4,72794.1,72794.1
821.0,71841.2,71841.2
820.6,71376.5,71376.5
820.2,70914.7,70914.7
819.8,71294.1,71294.1
819.4,71476.5,71476.5
819.0,71908.8,71908.8
818.6,70997.1,70997.1
818.2,70679.4,70679.4
817.8,71664.7,71664.7
817.4,72426.5,72426.5
817.0,72338.2,72338.2
816.6,72244.1,72244.1
816.2,71761.8,71761.8
815.8,72411.8,72411.8
815.4,71050.0,71050.0
815.0,72255.9,72255.9
814.6,71573.5,71573.5
814.2,71914.7,71914.7
813.8,72350.0,72350.0
813.4,72091.2,72091.2
813.0,72364.7,72364.7
812.6,72385.3,72385.3
812.2,72823.5,72823.5
811.8,72808.8,72808.8
811.4,72644.1,72644.1
811.0,72414.7,72414.7
810.6,72850.0,72850.0
810.2,73085.3,73085.3
809.8,73520.6,73520.6
809.4,72435.3,72435.3
809.0,72685.3,72685.3
808.6,73217.6,73217.6
808.2,72191.2,72191.2
807.8,72967.6,72967.6
807.4,72658.8,72658.8
807.0,72038.2,72038.2
806.6,73385.3,73385.3
806.2,73267.6,73267.6
805.8,72782.4,72782.4
805.4,73961.8,73961.8
805.0,73661.8,73661.8
804.6,74002.9,74002.9
804.2,73305.9,73305.9
803.8,73932.4,73932.4
803.4,73726.5,73726.5
803.0,74167.6,74167.6
802.6,74297.1,74297.1
802.2,73444.1,73444.1
801.8,75052.9,75052.9
801.4,73632.4,73632.4
801.0,74682.4,74682.4
800.6,74035.3,74035.3
800.2,73588.2,73588.2
799.8,73929.4,73929.4
799.4,74202.9,74202.9
799.0,74673.5,74673.5
798.6,74005.9,74005.9
798.2,74667.6,74667.6
797.8,74605.9,74605.9
797.4,75017.6,75017.6
797.0,74088.2,74088.2
796.6,74582.4,74582.4
796.2,74161.8,74161.8
795.8,74550.0,74550.0
795.4,75576.5,75576.5
795.0,75058.8,75058.8
794.6,75347.1,75347.1
794.2,75035.3,75035.3
793.8,74988.2,74988.2
793.4,74514.7,74514.7
793.0,75250.0,75250.0
792.6,75217.6,75217.6
792.2,75650.0,75650.0
791.8,75291.2,75291.2
791.4,75335.3,75335.3
791.0,75050.0,75050.0
790.6,75441.2,75441.2
790.2,75326.5,75326.5
789.8,75788.2,75788.2
789.4,75382.4,75382.4
789.0,75426.5,75426.5
788.6,76167.6,76167.6
788.2,75885.3,75885.3
787.8,76223.5,76223.5
787.4,76664.7,76664.7
787.0,75126.5,75126.5
786.6,76682.4,76682.4
786.2,75670.6,75670.6
785.8,76270.6,76270.6
785.4,75617.6,75617.6
785.0,76470.6,76470.6
784.6,76388.2,76388.2
784.2,76417.6,76417.6
783.8,75976.5,75976.5
783.4,76394.1,76394.1
783.0,76794.1,76794.1
782.6,76667.6,76667.6
782.2,76444.1,76444.1
781.8,76767.6,76767.6
781.4,76623.5,76623.5
781.0,77191.2,77191.2
780.6,76973.5,76973.5
780.2,76285.3,76285.3
779.8,76200.0,76200.0
779.4,76532.4,76532.4
779.0,76397.1,76397.1
778.6,76935.3,76935.3
778.2,76391.2,76391.2
777.8,76920.6,76920.6
777.4,77117.6,77117.6
777.0,76688.2,76688.2
776.6,76861.8,76861.8
776.2,76214.7,76214.7
775.8,77747.1,77747.1
775.4,76944.1,76944.1
775.0,76329.4,76329.4
774.6,77808.8,77808.8
774.2,76523.5,76523.5
773.8,77129.4,77129.4
773.4,77091.2,77091.2
773.0,77661.8,77661.8
772.6,77382.4,77382.4
772.2,78302.9,78302.9
771.8,77573.5,77573.5
771.4,77776.5,77776.5
771.0,77882.4,77882.4
770.6,77438.2,77438.2
770.2,78008.8,78008.8
769.8,76894.1,76894.1
769.4,77538.2,77538.2
769.0,78273.5,78273.5
768.6,78508.8,78508.8
768.2,78064.7,78064.7
767.8,77932.4,77932.4
767.4,78358.8,78358.8
767.0,77835.3,77835.3
766.6,79176.5,79176.5
766.2,79120.6,79120.6
765.8,79897.1,79897.1
765.4,79726.5,79726.5
765.0,80032.4,80032.4
764.6,80852.9,80852.9
764.2,80508.8,80508.8
763.8,81555.9,81555.9
763.4,81632.4,81632.4
763.0,82005.9,82005.9
762.6,82291.2,82291.2
762.2,81758.8,81758.8
761.8,81473.5,81473.5
761.4,83305.9,83305.9
761.0,82426.5,82426.5
760.6,82097.1,82097.1
760.2,82058.8,82058.8
759.8,82202.9,82202.9
759.4,81097.1,81097.1
759.0,81179.4,81179.4
758.6,81229.4,81229.4
758.2,80526.5,80526.5
757.8,80082.4,80082.4
757.4,79658.8,79658.8
757.0,79382.4,79382.4
756.6,79747.1,79747.1
756.2,77876.5,77876.5
755.8,78791.2,78791.2
755.4,78485.3,78485.3
755.0,79367.6,79367.6
754.6,78355.9,78355.9
754.2,78914.7,78914.7
753.8,78579.4,78579.4
753.4,77917.6,77917.6
753.0,78152.9,78152.9
752.6,78152.9,78152.9
752.2,77741.2,77741.2
751.8,77858.8,77858.8
751.4,78741.2,78741.2
751.0,77991.2,77991.2
750.6,78811.8,78811.8
750.2,77747.1,77747.1
749.8,77529.4,77529.4
749.4,77811.8,77811.8
749.0,77729.4,77729.4
748.6,77923.5,77923.5
748.2,77861.8,77861.8
747.8,77129.4,77129.4
747.4,77017.6,77017.6
747.0,77276.5,77276.5
746.6,77455.9,77455.9
746.2,77767.6,77767.6
745.8,76894.1,76894.1
745.4,78473.5,78473.5
745.0,78455.9,78455.9
744.6,78723.5,78723.5
744.2,78352.9,78352.9
743.8,78550.0,78550.0
743.4,77794.1,77794.1
743.0,78541.2,78541.2
742.6,77288.2,77288.2
742.2,78350.0,78350.0
741.8,77455.9,77455.9
741.4,78311.8,78311.8
741.0,79144.1,79144.1
740.6,77326.5,77326.5
740.2,78708.8,78708.8
739.8,77770.6,77770.6
739.4,78873.5,78873.5
739.0,78329.4,78329.4
738.6,78785.3,78785.3
738.2,78432.4,78432.4
737.8,78764.7,78764.7
737.4,79055.9,79055.9
737.0,78991.2,78991.2
736.6,79317.6,79317.6
736.2,79494.1,79494.1
735.8,79144.1,79144.1
735.4,79394.1,79394.1
735.0,79523.5,79523.5
734.6,78800.0,78800.0
734.2,78608.8,78608.8
733.8,79420.6,79420.6
733.4,80008.8,80008.8
733.0,79332.4,79332.4
732.6,79088.2,79088.2
732.2,79479.4,79479.4
731.8,79817.6,79817.6
731.4,80282.4,80282.4
731.0,79252.9,79252.9
730.6,79300.0,79300.0
730.2,79705.9,79705.9
729.8,79535.3,79535.3
729.4,80594.1,80594.1
729.0,79967.6,79967.6
728.6,80017.6,80017.6
728.2,79397.1,79397.1
727.8,80432.4,80432.4
727.4,79588.2,79588.2
727.0,81723.5,81723.5
726.6,80152.9,80152.9
726.2,81164.7,81164.7
725.8,81176.5,81176.5
725.4,80911.8,80911.8
725.0,80014.7,80014.7
724.6,79717.6,79717.6
724.2,80682.4,80682.4
723.8,80152.9,80152.9
723.4,81567.6,81567.6
723.0,80500.0,80500.0
722.6,80997.1,80997.1
722.2,81032.4,81032.4
721.8,80461.8,80461.8
721.4,81011.8,81011.8
721.0,81070.6,81070.6
720.6,82020.6,82020.6
720.2,81997.1,81997.1
719.8,81991.2,81991.2
719.4,82232.4,82232.4
719.0,81888.2,81888.2
718.6,82026.5,82026.5
718.2,81594.1,81594.1
717.8,82720.6,82720.6
717.4,82188.2,82188.2
717.0,82282.4,82282.4
716.6,82735.3,82735.3
716.2,82635.3,82635.3
715.8,81576.5,81576.5
715.4,81997.1,81997.1
715.0,83223.5,83223.5
714.6,82894.1,82894.1
714.2,82758.8,82758.8
713.8,82208.8,82208.8
713.4,81852.9,81852.9
713.0,83270.6,83270.6
712.6,83397.1,83397.1
712.2,82820.6,82820.6
711.8,82802.9,82802.9
711.4,83085.3,83085.3
711.0,82764.7,82764.7
710.6,82411.8,82411.8
710.2,82805.9,82805.9
709.8,83167.6,83167.6
709.4,83873.5,83873.5
709.0,82626.5,82626.5
708.6,83738.2,83738.2
708.2,83167.6,83167.6
707.8,82444.1,82444.1
707.4,82311.8,82311.8
707.0,82797.1,82797.1
706.6,83279.4,83279.4
706.2,83217.6,83217.6
705.8,83520.6,83520.6
705.4,82994.1,82994.1
705.0,84288.2,84288.2
704.6,83373.5,83373.5
704.2,83011.8,83011.8
703.8,83135.3,83135.3
703.4,83688.2,83688.2
703.0,83791.2,83791.2
702.6,84082.4,84082.4
702.2,83935.3,83935.3
701.8,83847.1,83847.1
701.4,84270.6,84270.6
701.0,85255.9,85255.9
700.6,84038.2,84038.2
700.2,84267.6,84267.6
699.8,84608.8,84608.8
699.4,83161.8,83161.8
699.0,84602.9,84602.9
698.6,83250.0,83250.0
698.2,83661.8,83661.8
697.8,83352.9,83352.9
697.4,83305.9,83305.9
697.0,84088.2,84088.2
696.6,83938.2,83938.2
696.2,85488.2,85488.2
695.8,85014.7,85014.7
695.4,85129.4,85129.4
695.0,85358.8,85358.8
694.6,85214.7,85214.7
694.2,84352.9,84352.9
693.8,85217.6,85217.6
693.4,84850.0,84850.0
693.0,85226.5,85226.5
692.6,84967.6,84967.6
692.2,85455.9,85455.9
691.8,84697.1,84697.1
691.4,85352.9,85486.3
691.0,86405.9,85493.4
690.6,86429.4,85500.6
690.2,87444.1,85515.5
689.8,89417.6,85545.4
689.4,91855.9,85593.8
689.0,95200.0,85667.5
688.6,100132.0,85778.4
688.2,104241.0,85920.0
687.8,105556.0,86070.6
687.4,105791.0,86221.8
687.0,102476.0,86346.5
686.6,97782.4,86434.2
686.2,93785.3,86490.5
685.8,90041.2,86517.8
685.4,87702.9,86526.9
685.0,87858.8,86537.1
684.6,87191.2,86542.1
684.2,87311.8,86548.0
683.8,86276.5,86550.1
683.4,86061.8,86553.9
683.0,87323.5,87323.5
682.6,86032.4,86032.4
682.2,86314.7,86314.7
681.8,85773.5,85773.5
681.4,86376.5,86376.5
681.0,86638.2,86638.2
680.6,87023.5,87023.5
680.2,86044.1,86044.1
679.8,87041.2,87041.2
679.4,87847.1,87847.1
679.0,87167.6,87167.6
678.6,86576.5,86576.5
678.2,86541.2,86541.2
677.8,87564.7,87564.7
677.4,86547.1,86547.1
677.0,86914.7,86914.7
676.6,87652.9,87652.9
676.2,88138.2,88138.2
675.8,86561.8,86561.8
675.4,87976.5,87976.5
675.0,86988.2,86988.2
674.6,87158.8,87158.8
674.2,87217.6,87217.6
673.8,87591.2,87591.2
673.4,88188.2,88188.2
673.0,88129.4,88129.4
672.6,86732.4,86732.4
672.2,88532.4,88532.4
671.8,88555.9,88555.9
671.4,88155.9,88155.9
671.0,87441.2,87441.2
670.6,88300.0,88300.0
670.2,88702.9,88702.9
669.8,88194.1,88194.1
669.4,88220.6,88220.6
669.0,88635.3,88635.3
668.6,89638.2,89638.2
668.2,89238.2,89238.2
667.8,89291.2,89291.2
667.4,89123.5,89123.5
667.0,89979.4,89979.4
666.6,89982.4,89982.4
666.2,88961.8,88961.8
665.8,90164.7,90164.7
665.4,90941.2,90941.2
665.0,89676.5,89676.5
664.6,90532.4,90532.4
664.2,89485.3,89485.3
663.8,89379.4,89379.4
663.4,89497.1,89497.1
663.0,90214.7,90214.7
662.6,91300.0,91300.0
662.2,90317.6,90317.6
661.8,89482.4,89482.4
661.4,89123.5,89123.5
661.0,89897.1,89897.1
660.6,90167.6,90167.6
660.2,91079.4,91079.4
659.8,90382.4,90382.4
659.4,91226.5,91226.5
659.0,90279.4,90279.4
658.6,89661.8,89661.8
658.2,90011.8,90011.8
657.8,90647.1,90647.1
657.4,90358.8,90358.8
657.0,90276.5,90276.5
656.6,91347.1,91347.1
656.2,90182.4,90182.4
655.8,90626.5,90626.5
655.4,90364.7,90364.7
655.0,89788.2,89788.2
654.6,91211.8,91211.8
654.2,89829.4,89829.4
653.8,90394.1,90394.1
653.4,90282.4,90282.4
653.0,90600.0,90600.0
652.6,90800.0,90800.0
652.2,90470.6,90470.6
651.8,90738.2,90738.2
651.4,89847.1,89847.1
651.0,90773.5,90773.5
650.6,90173.5,90173.5
650.2,91279.4,91279.4
649.8,90273.5,90273.5
649.4,90479.4,90479.4
649.0,91208.8,91208.8
648.6,90505.9,90505.9
648.2,91467.6,91467.6
647.8,91691.2,91691.2
647.4,92285.3,92285.3
647.0,91817.6,91817.6
646.6,93267.6,93267.6
646.2,92391.2,92391.2
645.8,93717.6,93717.6
645.4,94261.8,94261.8
645.0,94770.6,94770.6
644.6,94941.2,94941.2
644.2,96355.9,96355.9
643.8,97214.7,97214.7
643.4,96161.8,96161.8
643.0,98435.3,98435.3
642.6,97841.2,97841.2
642.2,97547.1,97547.1
641.8,98647.1,98647.1
641.4,96432.4,96432.4
641.0,96585.3,96585.3
640.6,96308.8,96308.8
640.2,96008.8,96008.8
639.8,94547.1,94547.1
639.4,93823.5,93823.5
639.0,93891.2,93891.2
638.6,93314.7,93314.7
638.2,92082.4,92082.4
637.8,91555.9,91555.9
637.4,92308.8,92308.8
637.0,92114.7,92114.7
636.6,91258.8,91258.8
636.2,91244.1,91244.1
635.8,90697.1,90697.1
635.4,90252.9,90252.9
635.0,90079.4,90079.4
634.6,90773.5,90773.5
634.2,90147.1,90147.1
633.8,89561.8,89561.8
633.4,89861.8,89861.8
633.0,90173.5,90173.5
632.6,88370.6,88370.6
632.2,89961.8,89961.8
631.8,89129.4,89129.4
631.4,89761.8,89761.8
631.0,88964.7,88964.7
630.6,89714.7,89714.7
630.2,88976.5,88976.5
629.8,89426.5,89426.5
629.4,89488.2,89488.2
629.0,89385.3,89385.3
628.6,89397.1,89397.1
628.2,89491.2,89491.2
627.8,89252.9,89252.9
627.4,89932.4,89932.4
627.0,88514.7,88514.7
626.6,90435.3,90435.3
626.2,89958.8,89958.8
625.8,89061.8,89061.8
625.4,89267.6,89267.6
625.0,88667.6,88667.6
624.6,88508.8,88508.8
624.2,89052.9,89052.9
623.8,89955.9,89955.9
623.4,89241.2,89241.2
623.0,89388.2,89388.2
622.6,88361.8,88361.8
622.2,89764.7,89764.7
621.8,90347.1,90347.1
621.4,89314.7,89314.7
621.0,90088.2,90088.2
620.6,89208.8,89208.8
620.2,88964.7,88964.7
619.8,90252.9,90252.9
619.4,90238.2,90238.2
619.0,89532.4,89532.4
618.6,89658.8,89658.8
618.2,90997.1,90997.1
617.8,90347.1,90347.1
617.4,91167.6,91167.6
617.0,91000.0,91000.0
616.6,90570.6,90570.6
616.2,89979.4,89979.4
615.8,90176.5,90176.5
615.4,90894.1,90894.1
615.0,90570.6,90570.6
614.6,91117.6,91117.6
614.2,90985.3,90985.3
613.8,90705.9,90705.9
613.4,90929.4,90929.4
613.0,91647.1,91647.1
612.6,90729.4,90729.4
612.2,90773.5,90773.5
611.8,91955.9,91955.9
611.4,92211.8,92211.8
611.0,91217.6,91217.6
610.6,91517.6,91517.6
610.2,91932.4,91932.4
609.8,91908.8,91908.8
609.4,91520.6,91520.6
609.0,92455.9,92455.9
608.6,92426.5,92426.5
608.2,92435.3,92435.3
607.8,92750.0,92750.0
607.4,92620.6,92620.6
607.0,92735.3,92735.3
606.6,93388.2,93388.2
606.2,92361.8,92361.8
605.8,92555.9,92555.9
605.4,93167.6,93167.6
605.0,93717.6,93717.6
604.6,94214.7,94214.7
604.2,94220.6,94220.6
603.8,94347.1,94347.1
603.4,93973.5,93973.5
603.0,94858.8,94858.8
602.6,94550.0,94550.0
602.2,93802.9,93802.9
601.8,94532.4,94532.4
601.4,93958.8,93958.8
601.0,93991.2,93991.2
600.6,93517.6,93517.6
600.2,93758.8,93758.8
599.8,93438.2,93438.2
599.4,95188.2,95188.2
599.0,93520.6,93520.6
598.6,94482.4,94482.4
598.2,93900.0,93900.0
597.8,94132.4,94132.4
597.4,94217.6,94217.6
597.0,94002.9,94002.9
596.6,94570.6,94570.6
596.2,94332.4,94332.4
595.8,94835.3,94835.3
595.4,94882.4,94882.4
595.0,95273.5,95273.5
594.6,95197.1,95197.1
594.2,94423.5,94423.5
593.8,93929.4,93929.4
593.4,94732.4,94732.4
593.0,95123.5,95123.5
592.6,94852.9,94852.9
592.2,95123.5,95123.5
591.8,95952.9,95952.9
591.4,95394.1,95394.1
591.0,95905.9,95905.9
590.6,94976.5,94976.5
590.2,96497.1,96497.1
589.8,96505.9,96505.9
589.4,96550.0,96550.0
589.0,96661.8,96661.8
588.6,96726.5,96726.5
588.2,96923.5,96923.5
587.8,97794.1,97794.1
587.4,97155.9,97155.9
587.0,98008.8,98008.8
586.6,97888.2,97888.2
586.2,97752.9,97752.9
585.8,98305.9,98305.9
585.4,97285.3,97285.3
585.0,97211.8,97211.8
584.6,97555.9,97555.9
584.2,97585.3,97585.3
583.8,97976.5,97976.5
583.4,98238.2,98238.2
583.0,98017.6,98017.6
582.6,97208.8,97208.8
582.2,97208.8,97208.8
581.8,97355.9,97355.9
581.4,97964.7,97964.7
581.0,97514.7,97514.7
580.6,97979.4,97979.4
580.2,97588.2,97588.2
579.8,99300.0,99300.0
579.4,98061.8,98061.8
579.0,98279.4,98279.4
578.6,99161.8,99161.8
578.2,99920.6,99920.6
577.8,99000.0,99000.0
577.4,100188.0,100188.0
577.0,99082.4,99082.4
576.6,99661.8,99661.8
576.2,99723.5,99723.5
575.8,99497.1,99497.1
575.4,100982.0,100982.0
575.0,99473.5,99473.5
574.6,99823.5,99823.5
574.2,99920.6,99920.6
573.8,101047.0,101047.0
573.4,101388.0,101388.0
573.0,101344.0,101344.0
572.6,102324.0,102324.0
572.2,101474.0,101474.0
571.8,100288.0,100288.0
571.4,100832.0,100832.0
571.0,100512.0,100512.0
570.6,99582.4,99582.4
570.2,100153.0,100153.0
569.8,99597.1,99597.1
569.4,98494.1,98494.1
569.0,98791.2,98791.2
568.6,100074.0,100074.0
568.2,98567.6,98567.6
567.8,98267.6,98267.6
567.4,98985.3,98985.3
567.0,97888.2,97888.2
566.6,99035.3,99035.3
566.2,98232.4,98232.4
565.8,99458.8,99458.8
565.4,98476.5,98476.5
565.0,98526.5,98526.5
564.6,98979.4,98979.4
564.2,99108.8,99108.8
563.8,98991.2,98991.2
563.4,99976.5,99976.5
563.0,98508.8,98508.8
562.6,98708.8,98708.8
562.2,97385.3,97385.3
561.8,98488.2,98488.2
561.4,98655.9,98655.9
561.0,97485.3,97485.3
560.6,96976.5,96976.5
560.2,97011.8,97011.8
559.8,97732.4,97732.4
559.4,97682.4,97682.4
559.0,97102.9,97102.9
558.6,97197.1,97197.1
558.2,98479.4,98479.4
557.8,96723.5,96723.5
557.4,96767.6,96767.6
557.0,97358.8,97358.8
556.6,98317.6,98317.6
556.2,98161.8,98161.8
555.8,97320.6,97320.6
555.4,97005.9,97005.9
555.0,97026.5,97026.5
554.6,97441.2,97441.2
554.2,97964.7,97964.7
553.8,98211.8,98211.8
553.4,97850.0,97850.0
553.0,98147.1,98147.1
552.6,98811.8,98811.8
552.2,99655.9,99655.9
551.8,100876.0,100876.0
551.4,101612.0,101612.0
551.0,103253.0,103253.0
550.6,104268.0,104268.0
550.2,104382.0,104382.0
549.8,107671.0,107671.0
549.4,110526.0,110526.0
549.0,113094.0,113094.0
548.6,116006.0,116006.0
548.2,118353.0,118353.0
547.8,123462.0,123462.0
547.4,124821.0,124821.0
547.0,128926.0,128926.0
546.6,129235.0,129235.0
546.2,128982.0,128982.0
545.8,127444.0,127444.0
545.4,126282.0,126282.0
545.0,122853.0,122853.0
544.6,118618.0,118618.0
544.2,114185.0,114185.0
543.8,110053.0,110053.0
543.4,107465.0,107465.0
543.0,104441.0,104441.0
542.6,101185.0,101185.0
542.2,99505.9,99505.9
541.8,97202.9,97202.9
541.4,95979.4,95979.4
541.0,93994.1,93994.1
540.6,93344.1,93344.1
540.2,91223.5,91223.5
539.8,91064.7,91064.7
539.4,90623.5,90623.5
539.0,89273.5,89273.5
538.6,88432.4,88432.4
538.2,88029.4,88029.4
537.8,87261.8,87261.8
537.4,87470.6,87470.6
537.0,86267.6,86267.6
536.6,85452.9,85452.9
536.2,86823.5,86368.6
535.8,86838.2,86365.5
535.4,87691.2,86356.7
535.0,87641.2,86348.2
534.6,88988.2,86330.8
534.2,90108.8,86305.8
533.8,93714.7,86256.8
533.4,95867.6,86193.3
533.0,99297.1,86106.7
532.6,102841.0,85996.0
532.2,105315.0,85868.3
531.8,103868.0,85749.4
531.4,101056.0,85648.2
531.0,95785.3,85581.2
530.6,92020.6,85538.6
530.2,89052.9,85515.4
529.8,85741.2,85513.9
529.4,86220.6,85509.2
529.0,85694.1,85508.0
528.6,85676.5,85506.9
528.2,85150.0,85150.0
527.8,84194.1,84194.1
527.4,84126.5,84126.5
527.0,84276.5,84276.5
526.6,84944.1,84944.1
526.2,84444.1,84444.1
525.8,83914.7,83914.7
525.4,83894.1,83894.1
525.0,83761.8,83761.8
524.6,84326.5,84326.5
524.2,85597.1,85597.1
523.8,84970.6,84970.6
523.4,84544.1,84544.1
523.0,83761.8,83761.8
522.6,84820.6,84820.6
522.2,84941.2,84941.2
521.8,85464.7,85464.7
521.4,85438.2,85438.2
521.0,85129.4,85129.4
520.6,84497.1,84497.1
520.2,85526.5,85526.5
519.8,84950.0,84950.0
519.4,85091.2,85091.2
519.0,85217.6,85217.6
518.6,85305.9,85305.9
518.2,86173.5,86173.5
517.8,84897.1,84897.1
517.4,85714.7,85714.7
517.0,85511.8,85511.8
516.6,85379.4,85379.4
516.2,84858.8,84858.8
515.8,85526.5,85526.5
515.4,86317.6,86317.6
515.0,85326.5,85326.5
514.6,86408.8,86408.8
514.2,86364.7,86364.7
513.8,86152.9,86152.9
513.4,85952.9,85952.9
513.0,85917.6,85917.6
512.6,87005.9,87005.9
512.2,85629.4,85629.4
511.8,86538.2,86538.2
511.4,85961.8,85961.8
511.0,86367.6,86367.6
510.6,86479.4,86479.4
510.2,86664.7,86664.7
509.8,85850.0,85850.0
509.4,86388.2,86388.2
509.0,86108.8,86108.8
508.6,86200.0,86200.0
508.2,86832.4,86832.4
507.8,86258.8,86258.8
507.4,87035.3,87035.3
507.0,86770.6,86770.6
506.6,87708.8,87708.8
506.2,86629.4,86629.4
505.8,88685.3,88685.3
505.4,87558.8,87558.8
505.0,87794.1,87794.1
504.6,87505.9,87505.9
504.2,87982.4,87982.4
503.8,88123.5,88123.5
503.4,87961.8,87961.8
503.0,87979.4,87979.4
502.6,87414.7,87414.7
502.2,88044.1,88044.1
501.8,88479.4,88479.4
501.4,89632.4,89632.4
501.0,90185.3,90185.3
500.6,93264.7,93264.7
500.2,92429.4,92429.4
499.8,93600.0,93600.0
499.4,93450.0,93450.0
499.0,93441.2,93441.2
498.6,92700.0,92700.0
498.2,92741.2,92741.2
497.8,90420.6,90420.6
497.4,91605.9,91605.9
497.0,91385.3,91385.3
496.6,91135.3,91135.3
496.2,90055.9,90055.9
495.8,90258.8,90258.8
495.4,89520.6,89520.6
495.0,90311.8,90311.8
494.6,90079.4,90079.4
494.2,89117.6,89117.6
493.8,89358.8,89358.8
493.4,88650.0,88650.0
493.0,88252.9,88252.9
492.6,88020.6,88020.6
492.2,89058.8,89058.8
491.8,89032.4,89032.4
491.4,88288.2,88288.2
491.0,87285.3,87285.3
490.6,87955.9,87955.9
490.2,88455.9,88455.9
489.8,87832.4,87832.4
489.4,86202.9,86202.9
489.0,87288.2,87288.2
488.6,87820.6,87820.6
488.2,88652.9,88652.9
487.8,88147.1,88147.1
487.4,88223.5,88223.5
487.0,87952.9,87952.9
486.6,87797.1,87797.1
486.2,88061.8,88061.8
485.8,88126.5,88126.5
485.4,88808.8,88808.8
485.0,88014.7,88014.7
484.6,88426.5,88426.5
484.2,88467.6,88467.6
483.8,89973.5,89973.5
483.4,88305.9,88305.9
483.0,87800.0,87800.0
482.6,89341.2,89341.2
482.2,88558.8,88558.8
481.8,89135.3,89135.3
481.4,90194.1,90194.1
481.0,88838.2,88838.2
480.6,89247.1,89247.1
480.2,88967.6,88967.6
479.8,88361.8,88361.8
479.4,88473.5,88473.5
479.0,89620.6,89620.6
478.6,89917.6,89917.6
478.2,90226.5,90226.5
477.8,91014.7,91014.7
477.4,90761.8,90761.8
477.0,92005.9,92005.9
476.6,91429.4,91429.4
476.2,91847.1,91847.1
475.8,91761.8,91761.8
475.4,91479.4,91479.4
475.0,91029.4,91029.4
474.6,90926.5,90926.5
474.2,91335.3,91335.3
473.8,90082.4,90082.4
473.4,92185.3,92185.3
473.0,90408.8,90408.8
472.6,91132.4,91132.4
472.2,91047.1,91047.1
471.8,90214.7,90214.7
471.4,90397.1,90397.1
471.0,90079.4,90079.4
470.6,90482.4,90482.4
470.2,90867.6,90867.6
469.8,89755.9,89755.9
469.4,89847.1,89847.1
469.0,90452.9,90452.9
468.6,90723.5,90723.5
468.2,90261.8,90261.8
467.8,91305.9,91305.9
467.4,90832.4,90832.4
467.0,90664.7,90664.7
466.6,90635.3,90635.3
466.2,91358.8,91358.8
465.8,90755.9,90755.9
465.4,90355.9,90355.9
465.0,90164.7,90164.7
464.6,90358.8,90358.8
464.2,90697.1,90697.1
463.8,92247.1,92247.1
463.4,90447.1,90447.1
463.0,90432.4,90432.4
462.6,91770.6,91770.6
462.2,90526.5,90526.5
461.8,91876.5,91876.5
461.4,91041.2,91041.2
461.0,92432.4,92432.4
460.6,91741.2,91741.2
460.2,91961.8,91961.8
459.8,92432.4,92432.4
459.4,91485.3,91485.3
459.0,92473.5,92473.5
458.6,92997.1,92997.1
458.2,91311.8,91311.8
457.8,93523.5,93523.5
457.4,91876.5,91876.5
457.0,92850.0,92850.0
456.6,92438.2,92438.2
456.2,92629.4,92629.4
455.8,92732.4,92732.4
455.4,92244.1,92244.1
455.0,92541.2,92541.2
454.6,93367.6,93367.6
454.2,92550.0,92550.0
453.8,92973.5,92973.5
453.4,93194.1,93194.1
453.0,93191.2,93191.2
452.6,93405.9,93405.9
452.2,92867.6,92867.6
451.8,93423.5,93423.5
451.4,93785.3,93785.3
451.0,93247.1,93247.1
450.6,93526.5,93526.5
450.2,93647.1,93647.1
449.8,93526.5,93526.5
449.4,94667.6,94667.6
449.0,93682.4,93682.4
448.6,94626.5,94626.5
448.2,94082.4,94082.4
447.8,92791.2,92791.2
447.4,94352.9,94352.9
447.0,94802.9,94802.9
446.6,94267.6,94267.6
446.2,95055.9,95055.9
445.8,94073.5,94073.5
445.4,95376.5,95376.5
445.0,95905.9,95905.9
444.6,95676.5,95676.5
444.2,96020.6,96020.6
443.8,94547.1,94547.1
443.4,95567.6,95567.6
443.0,96264.7,96264.7
442.6,95223.5,95223.5
442.2,96261.8,96261.8
441.8,95076.5,95076.5
441.4,95735.3,95735.3
441.0,95602.9,95602.9
440.6,96244.1,96244.1
440.2,96602.9,96602.9
439.8,96988.2,96988.2
439.4,95973.5,95973.5
439.0,96358.8,96358.8
438.6,96561.8,96561.8
438.2,97029.4,97029.4
437.8,96752.9,96752.9
437.4,97279.4,97279.4
437.0,97673.5,97673.5
436.6,97202.9,97202.9
436.2,97055.9,97055.9
435.8,96667.6,96667.6
435.4,97664.7,97664.7
435.0,97150.0,97150.0
434.6,97094.1,97094.1
434.2,98970.6,98970.6
433.8,97061.8,97061.8
433.4,97982.4,97982.4
433.0,98347.1,98347.1
432.6,97914.7,97914.7
432.2,97147.1,97147.1
431.8,98991.2,98991.2
431.4,99097.1,99097.1
431.0,97417.6,97417.6
430.6,97964.7,97964.7
430.2,98579.4,98579.4
429.8,98638.2,98638.2
429.4,98973.5,98973.5
429.0,99308.8,99308.8
428.6,98800.0,98800.0
428.2,98452.9,98452.9
427.8,98261.8,98261.8
427.4,100053.0,100053.0
427.0,99497.1,99497.1
426.6,98752.9,98752.9
426.2,99532.4,99532.4
425.8,100197.0,100197.0
425.4,99544.1,99544.1
425.0,100632.0,100632.0
424.6,100356.0,100356.0
424.2,99629.4,99629.4
423.8,100374.0,100374.0
423.4,100244.0,100244.0
423.0,101215.0,101215.0
422.6,100282.0,100282.0
422.2,100685.0,100685.0
421.8,102229.0,102229.0
421.4,100791.0,100791.0
421.0,100985.0,100985.0
420.6,100668.0,100668.0
420.2,101097.0,101097.0
419.8,101535.0,101535.0
419.4,101776.0,101776.0
419.0,101985.0,101985.0
418.6,102326.0,102326.0
418.2,101556.0,101556.0
417.8,102335.0,102335.0
417.4,101535.0,101535.0
417.0,102224.0,102224.0
416.6,101741.0,101741.0
416.2,101991.0,101991.0
415.8,102991.0,102991.0
415.4,102182.0,102182.0
415.0,102679.0,102679.0
414.6,103688.0,103688.0
414.2,104003.0,104003.0
413.8,103735.0,103735.0
413.4,103165.0,103165.0
413.0,102674.0,102674.0
412.6,103676.0,103676.0
412.2,104262.0,104262.0
411.8,103847.0,103847.0
411.4,104924.0,104924.0
411.0,103974.0,103974.0
410.6,104197.0,104197.0
410.2,103462.0,103462.0
409.8,104653.0,104653.0
409.4,104591.0,104591.0
409.0,104476.0,104476.0
408.6,105503.0,105503.0
408.2,103582.0,103582.0
407.8,104397.0,104397.0
407.4,104700.0,104700.0
407.0,105188.0,105188.0
406.6,104926.0,104926.0
406.2,105291.0,105291.0
405.8,105441.0,105441.0
405.4,105579.0,105579.0
405.0,105853.0,105853.0
404.6,106971.0,106971.0
404.2,106815.0,106815.0
403.8,107103.0,107103.0
403.4,106929.0,107440.0
403.0,108215.0,107476.0
402.6,107503.0,107477.0
402.2,109182.0,107555.0
401.8,110135.0,107673.0
401.4,109135.0,107740.0
401.0,109609.0,107825.0
400.6,109026.0,107880.0
400.2,109221.0,107942.0
399.8,110262.0,108048.0
399.4,109659.0,108122.0
399.0,110371.0,108225.0
398.6,109376.0,108277.0
398.2,110632.0,108385.0
397.8,109062.0,108416.0
397.4,108065.0,108434.0
397.0,108915.0,108456.0
396.6,109059.0,108483.0
396.2,107476.0,107476.0
395.8,108953.0,108953.0
395.4,107762.0,107762.0
395.0,109706.0,109706.0
394.6,108726.0,108726.0
394.2,109906.0,109906.0
393.8,108865.0,108865.0
393.4,109703.0,109703.0
393.0,110038.0,110038.0
392.6,109862.0,109862.0
392.2,110250.0,110250.0
391.8,111209.0,111209.0
391.4,109429.0,109429.0
391.0,110562.0,110562.0
390.6,109847.0,109847.0
390.2,110444.0,110444.0
389.8,110568.0,110568.0
389.4,111756.0,111756.0
389.0,111688.0,111688.0
388.6,112474.0,112474.0
388.2,112318.0,112318.0
387.8,111641.0,111641.0
387.4,113547.0,113547.0
387.0,113112.0,113112.0
386.6,111894.0,111894.0
386.2,112291.0,112291.0
385.8,112656.0,112656.0
385.4,113100.0,113100.0
385.0,113076.0,113076.0
384.6,112350.0,112350.0
384.2,112541.0,112541.0
383.8,113547.0,113547.0
383.4,112388.0,112388.0
383.0,113641.0,113641.0
382.6,113912.0,113912.0
382.2,113697.0,113697.0
381.8,114006.0,114006.0
381.4,112976.0,112976.0
381.0,114147.0,114147.0
380.6,114091.0,114091.0
380.2,114150.0,114150.0
379.8,115956.0,115956.0
379.4,114600.0,114600.0
379.0,115676.0,115676.0
378.6,115906.0,115906.0
378.2,117179.0,117179.0
377.8,115806.0,115806.0
377.4,115388.0,115388.0
377.0,116094.0,116094.0
376.6,116918.0,116635.0
376.2,116912.0,116629.0
375.8,116738.0,116627.0
375.4,118032.0,116596.0
375.0,117682.0,116572.0
374.6,118076.0,116539.0
374.2,120503.0,116452.0
373.8,123338.0,116301.0
373.4,123921.0,116134.0
373.0,121350.0,116020.0
372.6,117912.0,115978.0
372.2,117185.0,115952.0
371.8,116094.0,115949.0
371.4,116285.0,115941.0
371.0,115891.0,115940.0
370.6,116571.0,115927.0
370.2,115565.0,115919.0
369.8,116206.0,115913.0
369.4,117785.0,115872.0
369.0,117291.0,115841.0
368.6,119744.0,115755.0
368.2,121556.0,115628.0
367.8,126076.0,115399.0
367.4,126218.0,115162.0
367.0,121921.0,115014.0
366.6,118359.0,114940.0
366.2,116391.0,114908.0
365.8,115021.0,114906.0
365.4,115694.0,114889.0
365.0,113874.0,114867.0
364.6,114318.0,114856.0
364.2,114538.0,114849.0
363.8,115035.0,114845.0
363.4,114962.0,114962.0
363.0,114185.0,114758.0
362.6,115156.0,114641.0
362.2,114744.0,114532.0
361.8,116388.0,114393.0
361.4,115074.0,114277.0
361.0,116932.0,114128.0
360.6,117176.0,113973.0
360.2,118006.0,113802.0
359.8,117591.0,113637.0
359.4,119976.0,113427.0
359.0,120412.0,113207.0
358.6,120582.0,112982.0
358.2,122503.0,112719.0
357.8,124938.0,112408.0
357.4,126076.0,112071.0
357.0,129388.0,111670.0
356.6,132568.0,111204.0
356.2,137441.0,110641.0
355.8,142165.0,109982.0
355.4,148341.0,109198.0
355.0,153256.0,108310.0
354.6,161965.0,107245.0
354.2,168153.0,106046.0
353.8,173391.0,104727.0
353.4,174521.0,103360.0
353.0,176238.0,101933.0
352.6,173421.0,100527.0
352.2,167094.0,99206.7
351.8,158662.0,98012.4
351.4,149038.0,96968.5
351.0,140641.0,96056.1
350.6,131771.0,95286.8
350.2,126382.0,94600.4
349.8,119732.0,94021.9
349.4,115300.0,93513.3
349.0,111962.0,93056.3
348.6,108621.0,92652.2
348.2,105741.0,92293.8
347.8,103712.0,91966.6
347.4,100397.0,91694.8
347.0,98176.5,91459.6
346.6,96835.3,91246.0
346.2,95111.8,91061.3
345.8,94479.4,90886.4
345.4,93082.4,90735.4
345.0,92317.6,90597.4
344.6,91105.9,90480.8
344.2,90111.8,90361.9
343.8,90108.8,90243.1
343.4,89573.5,90115.2
343.0,89461.8,89985.8
342.6,89973.5,89865.8
342.2,90950.0,89750.2
341.8,90905.9,89635.3
341.4,92450.0,89492.2
341.0,93832.4,89323.2
340.6,95258.8,89126.8
340.2,97488.2,88887.9
339.8,101100.0,88580.4
339.4,104182.0,88212.3
339.0,108197.0,87765.3
338.6,113359.0,87216.7
338.2,119094.0,86553.8
337.8,127800.0,85720.0
337.4,137671.0,84690.1
337.0,148035.0,83450.8
336.6,160435.0,81960.3
336.2,171568.0,80235.9
335.8,183765.0,78252.9
335.4,189959.0,76114.6
335.0,190647.0,73917.7
334.6,186291.0,71752.5
334.2,174976.0,69746.4
333.8,162412.0,67925.7
333.4,145606.0,66371.7
333.0,131638.0,65039.0
332.6,118235.0,63922.2
332.2,109021.0,62950.1
331.8,99991.2,62122.6
331.4,92685.3,61411.7
331.0,86591.2,60797.9
330.6,82500.0,60247.1
330.2,77011.8,59786.0
329.8,74541.2,59361.9
329.4,72476.5,58968.1
329.0,69844.1,58615.8
328.6,67494.1,58300.7
328.2,65973.5,58008.5
327.8,64167.6,57745.1
327.4,62679.4,57505.1
327.0,62138.2,57272.1
326.6,61300.0,57051.5
326.2,59255.9,56865.5
325.8,58944.1,56683.5
325.4,58797.1,56502.4
325.0,58020.6,56333.9
324.6,57632.4,56171.1
324.2,57491.2,56009.6
323.8,57241.2,55851.4
323.4,56685.3,55702.3
323.0,56097.1,55562.9
322.6,56052.9,55423.7
322.2,54900.0,55304.8
321.8,55594.1,55172.9
321.4,55408.8,55044.0
321.0,54785.3,54925.9
320.6,54202.9,54815.6
320.2,54785.3,54697.3
319.8,54364.7,54586.4
319.4,54120.6,54474.9
319.0,53794.1,54357.7
318.6,54500.0,54244.1
318.2,54438.2,54438.2
317.8,54047.1,54047.1
317.4,54173.5,54173.5
317.0,54005.9,54005.9
316.6,54008.8,54008.8
316.2,53035.3,53035.3
315.8,53885.3,53885.3
315.4,53473.5,53473.5
315.0,53800.0,53800.0
314.6,53411.8,53411.8
314.2,53988.2,53988.2
313.8,53023.5,53023.5
313.4,53238.2,53238.2
313.0,53335.3,53335.3
312.6,53629.4,53629.4
312.2,53144.1,53144.1
311.8,52900.0,52900.0
311.4,53385.3,53385.3
311.0,53652.9,53652.9
310.6,52723.5,52723.5
310.2,53308.8,53308.8
309.8,53105.9,53105.9
309.4,53394.1,53394.1
309.0,53276.5,53276.5
308.6,53547.1,53547.1
308.2,53479.4,53479.4
307.8,54002.9,54002.9
307.4,53441.2,53441.2
307.0,53950.0,53950.0
306.6,54247.1,54247.1
306.2,54141.2,54141.2
305.8,53920.6,53920.6
305.4,52900.0,52900.0
305.0,53402.9,53402.9
304.6,53535.3,53535.3
304.2,52735.3,52735.3
303.8,53314.7,53314.7
303.4,53261.8,53261.8
303.0,53691.2,53691.2
302.6,53044.1,53044.1
302.2,52732.4,52732.4
301.8,53314.7,53314.7
301.4,52791.2,52791.2
301.0,53105.9,53105.9
300.6,53205.9,53205.9
300.2,52602.9,52602.9
299.8,53514.7,53514.7
299.4,52617.6,52617.6
299.0,53508.8,53508.8
298.6,53561.8,53561.8
298.2,53200.0,53200.0
297.8,52320.6,52320.6
297.4,53088.2,53088.2
297.0,52861.8,52861.8
296.6,53285.3,53285.3
296.2,52538.2,52538.2
295.8,52061.8,52061.8
295.4,52882.4,52882.4
295.0,52411.8,52411.8
294.6,52350.0,52350.0
294.2,52626.5,52626.5
293.8,53441.2,53441.2
293.4,53232.4,53415.3
293.0,53573.5,53415.0
292.6,53191.2,53414.6
292.2,53964.7,53413.6
291.8,54094.1,53412.3
291.4,53950.0,53411.3
291.0,54294.1,53409.6
290.6,55126.5,53406.3
290.2,54482.4,53404.3
289.8,55755.9,53399.8
289.4,55920.6,53395.0
289.0,57167.6,53387.8
288.6,57317.6,53380.3
288.2,57241.2,53373.0
287.8,58085.3,53364.0
287.4,58655.9,53354.0
287.0,59779.4,53341.8
286.6,62605.9,53324.1
286.2,65479.4,53301.0
285.8,69347.1,53270.5
285.4,72788.2,53233.4
285.0,76717.6,53188.7
284.6,77391.2,53142.7
284.2,76294.1,53098.7
283.8,69650.0,53067.2
283.4,61964.7,53050.3
283.0,57261.8,53042.2
282.6,54085.3,53040.3
282.2,53850.0,53038.7
281.8,53026.5,53038.7
281.4,53217.6,53038.4
281.0,53070.6,53038.3
280.6,53070.6,53038.2
280.2,52973.5,52973.5
279.8,52461.8,52461.8
279.4,52682.4,52682.4
279.0,52461.8,52461.8
278.6,52394.1,52394.1
278.2,52276.5,52276.5
277.8,51902.9,51902.9
277.4,52382.4,52382.4
277.0,52044.1,52044.1
276.6,51682.4,51682.4
276.2,52720.6,52720.6
275.8,52602.9,52602.9
275.4,52714.7,52714.7
275.0,52570.6,52570.6
274.6,53185.3,53185.3
274.2,52758.8,52758.8
273.8,52850.0,52850.0
273.4,53147.1,53147.1
273.0,53779.4,53779.4
272.6,53682.4,53682.4
272.2,53241.2,53241.2
271.8,54808.8,54808.8
271.4,55926.5,55926.5
271.0,55658.8,55658.8
270.6,56832.4,56832.4
270.2,57576.5,57576.5
269.8,58679.4,58679.4
269.4,59185.3,59185.3
269.0,58844.1,58844.1
268.6,57973.5,57973.5
268.2,58008.8,58008.8
267.8,56517.6,56517.6
267.4,56373.5,56373.5
267.0,54823.5,54823.5
266.6,55288.2,55288.2
266.2,53779.4,53779.4
265.8,53347.1,53347.1
265.4,53835.3,53835.3
265.0,53994.1,53994.1
264.6,53432.4,53432.4
264.2,53750.0,53750.0
263.8,53576.5,53576.5
263.4,53044.1,53044.1
263.0,53897.1,53897.1
262.6,53879.4,53879.4
262.2,53685.3,53685.3
261.8,53467.6,53467.6
261.4,53476.5,53476.5
261.0,54164.7,54164.7
260.6,53141.2,53141.2
260.2,54158.8,54158.8
259.8,53464.7,53464.7
259.4,54091.2,54091.2
259.0,54111.8,54111.8
258.6,54050.0,54050.0
258.2,54026.5,54026.5
257.8,53376.5,53376.5
257.4,53405.9,53405.9
257.0,54170.6,54170.6
256.6,54479.4,54479.4
256.2,54214.7,54214.7
255.8,53488.2,53488.2
255.4,53891.2,53891.2
255.0,53952.9,53952.9
254.6,54358.8,54358.8
254.2,53767.6,53767.6
253.8,53697.1,53697.1
253.4,54017.6,54017.6
253.0,54564.7,54564.7
252.6,54511.8,54511.8
252.2,54829.4,54829.4
251.8,54655.9,54655.9
251.4,54952.9,54952.9
251.0,55050.0,55050.0
250.6,54514.7,54514.7
250.2,55044.1,55044.1
249.8,54538.2,54538.2
249.4,54917.6,54917.6
249.0,54641.2,54641.2
248.6,55058.8,55058.8
248.2,54252.9,54252.9
247.8,54397.1,54397.1
247.4,54617.6,54617.6
247.0,54632.4,54632.4
246.6,55664.7,55664.7
246.2,55270.6,55270.6
245.8,55811.8,55811.8
245.4,55758.8,55758.8
245.0,55438.2,55438.2
244.6,55232.4,55232.4
244.2,55841.2,55841.2
243.8,55738.2,55738.2
243.4,55385.3,55385.3
243.0,56138.2,56138.2
242.6,55614.7,55614.7
242.2,56132.4,56132.4
241.8,56617.6,56617.6
241.4,56294.1,56294.1
241.0,56555.9,56555.9
240.6,55723.5,55723.5
240.2,55538.2,55538.2
239.8,55617.6,55617.6
239.4,56285.3,56285.3
239.0,55958.8,55958.8
238.6,56038.2,56038.2
238.2,56470.6,56470.6
237.8,56794.1,56794.1
237.4,56432.4,56432.4
237.0,56614.7,56614.7
236.6,56432.4,56432.4
236.2,56000.0,56000.0
235.8,56482.4,56482.4
235.4,56470.6,56470.6
235.0,56497.1,56497.1
234.6,57023.5,57023.5
234.2,57294.1,57294.1
233.8,57120.6,57120.6
233.4,57267.6,57267.6
233.0,57226.5,57226.5
232.6,57376.5,57376.5
232.2,58173.5,58173.5
231.8,57614.7,57614.7
231.4,57305.9,57305.9
231.0,57429.4,57429.4
230.6,58473.5,58473.5
230.2,57982.4,57982.4
229.8,58285.3,58285.3
229.4,57411.8,57411.8
229.0,57570.6,57570.6
228.6,57929.4,57929.4
228.2,58244.1,58244.1
227.8,57426.5,57426.5
227.4,58314.7,58314.7
227.0,57767.6,57767.6
226.6,58861.8,58861.8
226.2,58529.4,58529.4
225.8,59752.9,59752.9
225.4,58914.7,58914.7
225.0,58620.6,58620.6
224.6,58741.2,58741.2
224.2,58776.5,58776.5
223.8,58944.1,58944.1
223.4,57870.6,57870.6
223.0,58588.2,58588.2
222.6,58447.1,58447.1
222.2,58814.7,58814.7
221.8,58058.8,58058.8
221.4,58944.1,58944.1
221.0,58685.3,58685.3
220.6,59152.9,59152.9
220.2,58623.5,58623.5
219.8,59097.1,59097.1
219.4,58473.5,58473.5
219.0,59797.1,59797.1
218.6,59402.9,59402.9
218.2,59464.7,59464.7
217.8,59773.5,59773.5
217.4,60041.2,60041.2
217.0,59397.1,59397.1
216.6,59802.9,59802.9
216.2,59508.8,59508.8
215.8,59802.9,59802.9
215.4,59870.6,59870.6
215.0,60288.2,60288.2
214.6,59302.9,59302.9
214.2,59702.9,59702.9
213.8,59270.6,59270.6
213.4,60444.1,60444.1
213.0,59750.0,59750.0
212.6,60608.8,60608.8
212.2,59917.6,59917.6
211.8,59376.5,59376.5
211.4,59908.8,59908.8
211.0,60329.4,60329.4
210.6,59202.9,59202.9
210.2,60220.6,60220.6
209.8,60258.8,60258.8
209.4,60276.5,60276.5
209.0,59614.7,59614.7
208.6,59400.0,59400.0
208.2,59861.8,59861.8
207.8,60505.9,60505.9
207.4,60411.8,60411.8
207.0,60108.8,60108.8
206.6,59694.1,59694.1
206.2,60011.8,60011.8
205.8,60694.1,60694.1
205.4,61185.3,61185.3
205.0,60764.7,60764.7
204.6,60185.3,60185.3
204.2,60314.7,60314.7
203.8,60276.5,60438.3
203.4,60720.6,60440.2
203.0,60864.7,60443.1
202.6,61879.4,60452.7
202.2,62023.5,60463.2
201.8,62979.4,60480.0
201.4,63932.4,60503.1
201.0,64808.8,60532.0
200.6,66535.3,60572.1
200.2,68470.6,60625.0
199.8,70444.1,60690.7
199.4,71817.6,60765.2
199.0,71579.4,60837.5
198.6,70944.1,60905.2
198.2,70729.4,60970.9
197.8,69402.9,61027.4
197.4,67779.4,61072.5
197.0,65355.9,61101.2
196.6,63297.1,61115.9
196.2,62902.9,61127.9
195.8,61605.9,61131.1
195.4,62241.2,61138.5
195.0,61064.7,61139.0
194.6,61464.7,61141.2
194.2,60894.1,60894.1
193.8,62382.4,62382.4
193.4,61932.4,61932.4
193.0,61732.4,61732.4
192.6,62005.9,62005.9
192.2,62061.8,62061.8
191.8,62514.7,62514.7
191.4,61061.8,61061.8
191.0,62697.1,62697.1
190.6,62297.1,62297.1
190.2,61958.8,61958.8
189.8,62897.1,62897.1
189.4,61985.3,61985.3
189.0,62929.4,62929.4
188.6,61717.6,61717.6
188.2,62544.1,62544.1
187.8,62700.0,62700.0
187.4,61547.1,61547.1
187.0,63005.9,63005.9
186.6,63126.5,63126.5
186.2,63870.6,63870.6
185.8,63047.1,63047.1
185.4,63470.6,63470.6
185.0,63714.7,63714.7
184.6,63450.0,63450.0
184.2,63432.4,63432.4
183.8,64008.8,64008.8
183.4,63358.8,63358.8
183.0,63461.8,63461.8
182.6,63491.2,63491.2
182.2,63817.6,63817.6
181.8,63302.9,63302.9
181.4,63188.2,63188.2
181.0,63702.9,63702.9
180.6,64229.4,64229.4
180.2,63870.6,63870.6
179.8,63929.4,63929.4
179.4,64900.0,64900.0
179.0,63802.9,63802.9
178.6,64105.9,64105.9
178.2,64797.1,64797.1
177.8,64555.9,64555.9
177.4,64791.2,64791.2
177.0,65073.5,65073.5
176.6,64676.5,64676.5
176.2,65232.4,65232.4
175.8,64800.0,64800.0
175.4,65050.0,65050.0
175.0,65185.3,65185.3
174.6,65964.7,65964.7
174.2,65414.7,65414.7
173.8,64711.8,64711.8
173.4,65473.5,65473.5
173.0,65164.7,65164.7
172.6,66055.9,66055.9
172.2,64670.6,64670.6
171.8,66326.5,66326.5
171.4,66197.1,66197.1
171.0,65552.9,65552.9
170.6,65982.4,65982.4
170.2,66800.0,66800.0
169.8,67064.7,67064.7
169.4,66250.0,66250.0
169.0,66623.5,66623.5
168.6,66917.6,66917.6
168.2,67194.1,67194.1
167.8,67738.2,67738.2
167.4,67505.9,67505.9
167.0,66341.2,66341.2
166.6,67394.1,67394.1
166.2,66561.8,66561.8
165.8,67129.4,67129.4
165.4,67058.8,67058.8
165.0,68626.5,68626.5
164.6,67088.2,67088.2
164.2,67691.2,67691.2
163.8,68408.8,68408.8
163.4,68188.2,68188.2
163.0,68250.0,68250.0
162.6,69211.8,69211.8
162.2,68914.7,68914.7
161.8,69564.7,69564.7
161.4,68729.4,68729.4
161.0,68667.6,68667.6
160.6,68550.0,68550.0
160.2,68914.7,68914.7
159.8,68732.4,68732.4
159.4,67538.2,67538.2
159.0,68602.9,68602.9
158.6,68358.8,68358.8
158.2,68576.5,68576.5
157.8,68067.6,68067.6
157.4,69155.9,69155.9
157.0,68950.0,68950.0
156.6,68750.0,68750.0
156.2,69623.5,69623.5
155.8,69779.4,69779.4
155.4,69597.1,69597.1
155.0,69944.1,69944.1
154.6,69017.6,69017.6
154.2,69829.4,69829.4
153.8,69729.4,69729.4
153.4,70414.7,70414.7
153.0,70082.4,70082.4
152.6,70850.0,70850.0
152.2,70964.7,70964.7
151.8,70150.0,70150.0
151.4,70502.9,70502.9
151.0,69988.2,69988.2
150.6,70655.9,70655.9
150.2,71735.3,71735.3
149.8,70773.5,70773.5
149.4,69738.2,69738.2
149.0,71732.4,71732.4
148.6,71500.0,71500.0
148.2,70629.4,70629.4
147.8,71064.7,71064.7
147.4,71600.0,71600.0
147.0,71605.9,71605.9
146.6,72391.2,72391.2
146.2,72002.9,72002.9
145.8,72305.9,72305.9
145.4,71488.2,71488.2
145.0,71032.4,71032.4
144.6,72120.6,72120.6
144.2,72794.1,72794.1
143.8,72129.4,72129.4
143.4,72420.6,72420.6
143.0,73017.6,73017.6
142.6,72944.1,72944.1
142.2,73464.7,73464.7
141.8,73464.7,73464.7
141.4,74470.6,74470.6
141.0,74147.1,74147.1
140.6,74661.8,74661.8
140.2,75117.6,75117.6
139.8,74938.2,74938.2
139.4,74879.4,74879.4
139.0,74261.8,74261.8
138.6,74261.8,74261.8
138.2,74832.4,74832.4
137.8,74335.3,74335.3
137.4,74052.9,74052.9
137.0,74655.9,74655.9
136.6,75023.5,75023.5
136.2,73350.0,73350.0
135.8,74811.8,74811.8
135.4,73955.9,73955.9
135.0,74876.5,74876.5
134.6,74855.9,74855.9
134.2,74750.0,74750.0
133.8,74623.5,74623.5
133.4,75291.2,75291.2
133.0,74682.4,74682.4
132.6,75297.1,75297.1
132.2,74835.3,74835.3
131.8,75141.2,75141.2
131.4,75514.7,75514.7
131.0,75850.0,75850.0
130.6,76138.2,76138.2
130.2,76632.4,76632.4
129.8,75661.8,75661.8
129.4,75588.2,75588.2
129.0,75247.1,75247.1
128.6,75679.4,75679.4
128.2,76267.6,76267.6
127.8,76823.5,76823.5
127.4,75958.8,75958.8
127.0,77008.8,77008.8
126.6,76088.2,76088.2
126.2,77308.8,77308.8
125.8,76997.1,76997.1
125.4,77138.2,77138.2
125.0,78241.2,78241.2
124.6,77776.5,77776.5
124.2,78035.3,78035.3
123.8,77208.8,77208.8
123.4,77850.0,77850.0
123.0,78400.0,78400.0
122.6,79423.5,79423.5
122.2,79605.9,79605.9
121.8,80532.4,80532.4
121.4,79950.0,79950.0
121.0,80420.6,80420.6
120.6,79635.3,79635.3
120.2,80273.5,80273.5
119.8,80673.5,80673.5
119.4,81011.8,81011.8
119.0,82364.7,82364.7
118.6,81194.1,81194.1
118.2,82100.0,82100.0
117.8,83088.2,83088.2
117.4,82279.4,82279.4
117.0,82526.5,82526.5
116.6,83832.4,83832.4
116.2,83008.8,83008.8
115.8,83820.6,83820.6
115.4,84650.0,84650.0
115.0,85350.0,85350.0
114.6,84476.5,84476.5
114.2,84764.7,84764.7
113.8,86620.6,86620.6
113.4,86202.9,86202.9
113.0,86479.4,86479.4
112.6,88370.6,88370.6
112.2,87867.6,87867.6
111.8,88391.2,88391.2
111.4,88982.4,88982.4
111.0,89047.1,89047.1
110.6,88873.5,88873.5
110.2,88697.1,88697.1
109.8,87250.0,87250.0
109.4,88120.6,88120.6
109.0,88541.2,88541.2
108.6,87897.1,87897.1
108.2,87411.8,87411.8
107.8,86679.4,86679.4
107.4,86502.9,86502.9
107.0,85050.0,85050.0
106.6,84023.5,84023.5
106.2,83397.1,83397.1
105.8,82488.2,82488.2
105.4,81573.5,81573.5
105.0,81902.9,81902.9
104.6,80941.2,80941.2
104.2,80697.1,80697.1
103.8,79935.3,79935.3
103.4,79567.6,79567.6
103.0,78458.8,78458.8
102.6,78002.9,78002.9
102.2,77394.1,77394.1
101.8,76305.9,76305.9
101.4,75732.4,75732.4
101.0,75641.2,75641.2
100.6,75188.2,75188.2
100.2,74879.4,74879.4
99.8,73570.6,73570.6
99.4,73179.4,73179.4
99.0,72050.0,72050.0
98.6,70955.9,70955.9
98.2,71014.7,71014.7
97.8,69232.4,69232.4
97.4,67370.6,67370.6
97.0,66400.0,66400.0
96.6,66150.0,66150.0
96.2,64938.2,64938.2
95.8,64117.6,64117.6
95.4,64170.6,64170.6
95.0,63470.6,63470.6
94.6,63758.8,63758.8
94.2,64085.3,64085.3
93.8,64047.1,64047.1
93.4,63394.1,63394.1
93.0,64111.8,64111.8
92.6,63308.8,63308.8
92.2,63852.9,63852.9
91.8,65502.9,65502.9
91.4,67655.9,67655.9
91.0,70929.4,70929.4
90.6,73611.8,73611.8
90.2,80361.8,80361.8
89.8,88070.6,88070.6
89.4,105818.0,105818.0
89.0,135765.0,135765.0
88.6,192018.0,192018.0
88.2,282691.0,282691.0
87.8,370585.0,370585.0
87.4,352088.0,352088.0
87.0,236788.0,236788.0
86.6,142665.0,142665.0
86.2,105503.0,105503.0
85.8,108971.0,108971.0
85.4,136050.0,136050.0
85.0,197326.0,197326.0
84.6,308665.0,308665.0
84.2,426215.0,426215.0
83.8,431306.0,431306.0
83.4,289179.0,289179.0
83.0,141294.0,141294.0
82.6,70950.0,70950.0
82.2,46950.0,46950.0
81.8,37623.5,37623.5
81.4,32588.2,32588.2
81.0,29550.0,29550.0
80.6,27117.6,27117.6
80.2,24379.4,24379.4
79.8,22894.1,22894.1
79.4,21438.2,21438.2
79.0,20152.9,20152.9
78.6,19129.4,19129.4
78.2,18779.4,18779.4
77.8,18008.8,18008.8
77.4,17782.4,17782.4
77.0,17647.1,17647.1
76.6,17902.9,17902.9
76.2,17867.6,17867.6
75.8,18276.5,18276.5
75.4,18526.5,18526.5
75.0,18632.4,18632.4
74.6,18750.0,18750.0
74.2,18979.4,18979.4
73.8,18682.4,18682.4
73.4,18623.5,18623.5
73.0,18155.9,18155.9
72.6,17508.8,17508.8
72.2,16982.4,16982.4
71.8,16535.3,16535.3
71.4,16044.1,16044.1
71.0,15452.9,15452.9
70.6,15211.8,15211.8
70.2,15067.6,15067.6
69.8,14597.1,14597.1
69.4,14158.8,14158.8
69.0,13597.1,13597.1
68.6,13976.5,13976.5
68.2,13232.4,13232.4
67.8,13423.5,13423.5
67.4,12673.5,12673.5
67.0,13176.5,13176.5
66.6,12917.6,12917.6
66.2,13035.3,13035.3
65.8,12620.6,12620.6
65.4,13088.2,13088.2
65.0,12797.1,12797.1
64.6,13261.8,13261.8
64.2,13120.6,13120.6
63.8,13605.9,13605.9
63.4,13635.3,13635.3
63.0,13885.3,13885.3
62.6,14091.2,14091.2
62.2,14373.5,14373.5
61.8,14858.8,14858.8
61.4,15567.6,15567.6
61.0,15670.6,15670.6
60.6,16729.4,16729.4
60.2,17500.0,17500.0
59.8,18338.2,18338.2
59.4,19038.2,19038.2
59.0,20258.8,20258.8
58.6,20282.4,20282.4
58.2,21700.0,21700.0
57.8,22523.5,22523.5
57.4,23000.0,23000.0
57.0,22679.4,22679.4
56.6,22108.8,22108.8
56.2,21505.9,21505.9
55.8,20282.4,20282.4
55.4,19450.0,19450.0
55.0,18223.5,18223.5
54.6,17070.6,17070.6
54.2,15861.8,15861.8
53.8,14814.7,14814.7
53.4,14367.6,14367.6
53.0,13611.8,13611.8
52.6,12744.1,12744.1
52.2,12244.1,12244.1
51.8,11726.5,11726.5
51.4,11314.7,11314.7
51.0,11226.5,11226.5
50.6,10926.5,10926.5
50.2,10394.1,10394.1
49.8,10250.0,10250.0
49.4,10058.8,10058.8
49.0,9838.24,9838.24
48.6,9164.71,9164.71
48.2,9364.71,9364.71
47.8,9052.94,9052.94
47.4,9185.29,9185.29
47.0,8967.65,8967.65
46.6,8776.47,8776.47
46.2,9108.82,9108.82
45.8,9085.29,9085.29
45.4,8835.29,8835.29
45.0,8885.29,8885.29
44.6,8661.76,8661.76
44.2,8623.53,8623.53
43.8,9079.41,9079.41
43.4,8770.59,8770.59
43.0,9161.76,9161.76
42.6,8617.65,8617.65
42.2,8779.41,8779.41
41.8,8808.82,8808.82
41.4,8947.06,8947.06
41.0,8894.12,8894.12
40.6,8820.59,8820.59
40.2,8970.59,8970.59
39.8,8820.59,8820.59
39.4,8847.06,8847.06
39.0,8947.06,8947.06
38.6,8914.71,8914.71
38.2,8935.29,8935.29
37.8,9064.71,9064.71
37.4,9120.59,9120.59
37.0,9011.76,9011.76
36.6,9023.53,9023.53
36.2,8938.24,8938.24
35.8,9211.76,9211.76
35.4,9117.65,9117.65
35.0,9561.76,9561.76
34.6,9700.0,9700.0
34.2,9561.76,9561.76
33.8,9514.71,9514.71
33.4,9702.94,9702.94
33.0,9764.71,9764.71
32.6,9552.94,9552.94
32.2,9538.24,9538.24
31.8,9679.41,9679.41
31.4,9541.18,9541.18
31.0,9752.94,9752.94
30.6,9435.29,9435.29
30.2,9582.35,9582.35
29.8,9411.76,9411.76
29.4,9611.76,9611.76
29.0,9832.35,9832.35
28.6,9594.12,9594.12
28.2,9726.47,9726.47
27.8,9729.41,9729.41
27.4,9467.65,9467.65
27.0,9591.18,9591.18
26.6,9488.24,9488.24
26.2,9467.65,9467.65
25.8,9308.82,9308.82
25.4,9129.41,9129.41
25.0,9438.24,9438.24
24.6,9038.24,9038.24
24.2,9108.82,9108.82
23.8,8614.71,8614.71
23.4,8714.71,8714.71
23.0,8988.24,8988.24
22.6,8717.65,8717.65
22.2,8594.12,8594.12
21.8,8552.94,8552.94
21.4,8755.88,8755.88
21.0,8520.59,8520.59
20.6,8402.94,8402.94
20.2,8258.82,8258.82
19.8,8088.24,8088.24
19.4,7961.76,7961.76
19.0,7952.94,7952.94
18.6,8026.47,8026.47
18.2,8002.94,8002.94
17.8,7932.35,7932.35
17.4,7832.35,7832.35
17.0,7573.53,7573.53
16.6,7711.76,7711.76
16.2,7555.88,7555.88
15.8,7485.29,7485.29
15.4,7241.18,7241.18
15.0,7229.41,7229.41
14.6,7047.06,7047.06
14.2,7002.94,7002.94
13.8,6800.0,6800.0
13.4,6694.12,6694.12
13.0,6817.65,6817.65
12.6,7300.0,7300.0
12.2,8138.24,8138.24
11.8,8632.35,8632.35
11.4,9505.88,9505.88
11.0,9588.24,9588.24
10.6,9514.71,9514.71
10.2,9267.65,9267.65
9.8,9444.12,9444.12
9.4,9082.35,9082.35
9.0,10350.0,10350.0
8.6,11879.4,11879.4
8.2,14520.6,14520.6
7.8,19408.8,19408.8
7.4,24558.8,24558.8
7.0,28879.4,28879.4
6.6,32408.8,32408.8
6.2,33161.8,33161.8
5.8,32144.1,32144.1
5.4,29594.1,29594.1
5.0,30800.0,30800.0
4.6,32950.0,32950.0
4.2,35585.3,35585.3
3.8,36144.1,36144.1
3.4,36005.9,36005.9
3.0,33094.1,33094.1
2.6,28850.0,28850.0
2.2,20876.5,20876.5
1.8,13476.5,13476.5
1.4,8247.06,8247.06
1.0,6070.59,6070.59
0.6,4617.65,4617.65
0.2,3538.24,3538.24
-0.2,2244.12,2244.12
-0.6,1544.12,1544.12
-1.0,1011.76,1011.76
