,,,,,,,
,,,,,,,
Characteristic Energy eV,1486.6,Acquisition Time s,3.2,,,,
BE_O 1s 6,CPS_O 1s 6,O 1s_1_O 1s 6,O 1s_2_O 1s 6,Background_O 1s 6,Envelope_O 1s 6,Normalised_Residual_O 1s 6,Residual_O 1s 6
538.4,13699.4,13707.4,13699.6,13699.4,13707.6,0,0
538.275,13645,13653.3,13645.2,13645,13653.6,0,0
538.15,13707.2,13716.1,13707.4,13707.2,13716.3,0,0
538.025,13636.9,13646.4,13637.1,13636.9,13646.7,0,0
537.9,13754.1,13764.3,13754.3,13754.1,13764.5,0,0
537.775,13614.1,13625.1,13614.3,13614.1,13625.3,0,0
537.65,13705,13716.8,13705.3,13705,13717.1,0,0
537.525,13578.8,13591.5,13579,13578.8,13591.8,0,0
537.4,13660.6,13674.4,13660.9,13660.6,13674.7,0,0
537.275,13561.3,13576.2,13561.6,13561.3,13576.5,0,0
537.15,13706.9,13723.1,13707.2,13706.9,13723.4,0,0
537.025,13595.9,13613.5,13596.3,13595.9,13613.9,0,0
536.9,13673.8,13692.9,13674.1,13673.8,13693.3,0,0
536.775,13688.1,13709.1,13688.5,13688.1,13709.5,0,0
536.65,13693.1,13716.1,13693.6,13693.1,13716.6,0,0
536.525,13591.3,13616.6,13591.7,13591.3,13617,0,0
536.4,13742.2,13770.1,13742.7,13742.2,13770.6,0,0
536.275,13586.9,13617.8,13587.4,13586.9,13618.3,0,0
536.15,13755.6,13790,13756.2,13755.6,13790.6,0,0
536.025,13794.1,13832.4,13794.7,13794.1,13833.1,0,0
535.9,13694.4,13737.4,13695.1,13694.4,13738.1,0,0
535.775,13693.1,13741.6,13693.9,13693.1,13742.4,0,0
535.65,13767.8,13822.8,13768.6,13767.8,13823.6,0,0
535.525,13700.9,13809.9,13748.1,13747.2,13810.8,1.67903,351.566
535.4,13772.8,13819.2,13748.2,13747.2,13820.2,0.722859,151.754
535.275,13733.1,13830.7,13748.2,13747.2,13831.7,1.50494,315.485
535.15,13676.3,13844.8,13748.3,13747.2,13845.9,2.59575,543.026
535.025,13780.9,13862.6,13748.4,13747.1,13863.9,1.26367,265.368
534.9,13706.9,13885.5,13748.6,13747.1,13886.9,2.7503,576.003
534.775,13801.9,13915.4,13748.7,13747.1,13917,1.75295,368.395
534.65,13979.1,13955.4,13748.8,13747.1,13957.2,-0.331272,-70.0647
534.525,13986.9,14009.8,13749,13747,14011.8,0.376375,79.6262
534.4,14056.3,14084.9,13749.1,13746.9,14087.1,0.465727,98.7736
534.275,14310,14190.1,13749.3,13746.8,14192.6,-1.75621,-375.812
534.15,14346.6,14338.1,13749.5,13746.7,14340.9,-0.0850061,-18.2137
534.025,14622.8,14546,13749.7,13746.4,14549.2,-1.08886,-235.538
533.9,14869.4,14835.8,13749.9,13746.2,14839.5,-0.437961,-95.5337
533.775,15356.6,15233.8,13750.1,13745.8,15238.1,-1.71,-379.069
533.65,15822.5,15769.5,13750.3,13745.3,15774.5,-0.68321,-153.733
533.525,16604.4,16470,13750.5,13744.6,16475.9,-1.78379,-411.177
533.4,17410,17356.9,13750.8,13743.7,17363.9,-0.62502,-147.526
533.275,18378.8,18438.3,13751.1,13742.6,18446.8,0.897604,217.68
533.15,19680.6,19702,13751.6,13741.2,19712.4,0.404572,101.529
533.025,20979.7,21108.8,13752.4,13739.5,21121.7,1.75395,454.455
532.9,22505.9,22588.8,13753.9,13737.4,22605.3,1.18445,317.862
532.775,24087.5,24045.8,13756.6,13734.9,24067.5,-0.230561,-64.0114
532.65,25442.8,25365.6,13761.6,13732.1,25395,-0.536063,-152.958
532.525,26468.8,26429.1,13770.6,13729.1,26470.6,0.020407,5.9391
532.4,27263.8,27130.5,13786.5,13725.9,27191.2,-0.786153,-232.207
532.275,27548.4,27397.8,13813.9,13722.6,27489.2,-0.638069,-189.449
532.15,27388.8,27202.4,13859.3,13719.3,27342.3,-0.501758,-148.544
532.025,26696.9,26564.7,13931.1,13716.2,26779.6,0.905551,264.678
531.9,25804.7,25550.6,14038.3,13713.3,25875.6,0.789676,226.92
531.775,24810.3,24260.8,14188.4,13710.7,24738.5,-0.815059,-229.657
531.65,23376.3,22814,14382.9,13708.3,23488.5,1.31381,359.331
531.525,22198.4,21326.3,14613.6,13706.3,22233.5,0.420894,112.178
531.4,21166.9,19897.7,14859.3,13704.5,21052.5,-1.40656,-366.069
531.275,20009.4,18602.8,15088.1,13703,19987.9,-0.271424,-68.6816
531.15,19001.6,17486.3,15262.6,13701.8,19047.1,0.590664,145.65
531.025,18234.1,16564.3,15350.5,13700.7,18214,-0.265492,-64.131
530.9,17456.3,15831.5,15333.7,13699.8,17465.4,0.124276,29.3723
530.775,16798.1,15268.3,15216.1,13699.1,16785.3,-0.17715,-41.072
530.65,16134.1,14847.8,15019.8,13698.5,16169.1,0.493729,112.185
530.525,15576.9,14540.7,14780.2,13698,15622.9,0.659643,147.273
530.4,15167.8,14319.9,14533.8,13697.7,15156,-0.171706,-37.8287
530.275,14888.4,14162.5,14309.8,13697.4,14775,-1.66373,-363.148
530.15,14448.4,14050.8,14125.4,13697.2,14478.9,0.453647,97.5447
530.025,14240.3,13971,13985.6,13697.1,14259.5,0.287946,61.4676
529.9,14133.1,13913.5,13886.5,13697,14103,-0.452819,-96.2983
529.775,14003.1,13871.2,13820.3,13696.9,13994.6,-0.128186,-27.1348
529.65,13985.6,13839.7,13777.6,13696.8,13920.5,-0.984761,-208.328
529.525,13913.1,13815.7,13750.9,13696.8,13869.8,-0.656753,-138.576
529.4,13668.4,13797.2,13734.2,13696.8,13834.5,2.54147,531.52
529.275,13689.4,13782.5,13723.6,13696.8,13809.3,1.83308,383.661
529.15,13732.5,13806.4,13752.4,13732.5,13826.3,0,0
529.025,13633.4,13697.6,13648.7,13633.4,13712.9,0,0
528.9,13693.8,13750,13705.8,13693.8,13762,0,0
528.775,13612.5,13662,13622.2,13612.5,13671.8,0,0
528.65,13729.7,13773.6,13737.7,13729.7,13781.6,0,0
528.525,13708.8,13747.9,13715.4,13708.8,13754.5,0,0
528.4,13672.5,13707.5,13678.1,13672.5,13713.1,0,0
528.275,13560.6,13592.1,13565.4,13560.6,13596.9,0,0
528.15,13676.6,13705,13680.7,13676.6,13709.1,0,0
528.025,13720,13745.7,13723.5,13720,13749.3,0,0
527.9,13633.8,13657.1,13636.8,13633.8,13660.2,0,0
527.775,13635.3,13656.6,13638,13635.3,13659.3,0,0
527.65,13634.7,13654.2,13637.1,13634.7,13656.6,0,0
527.525,13734.1,13751.9,13736.2,13734.1,13754.1,0,0
527.4,13581.9,13598.3,13583.8,13581.9,13600.2,0,0
