Number,t,E,I,j
4002,5121.0,0.496125,4.956e-07,0.4505454545454544
4003,5123.0,0.48975,4.846e-07,0.4405454545454544
4004,5124.0,0.483375,4.748e-07,0.4316363636363636
4005,5125.0,0.477,4.648e-07,0.4225454545454545
4006,5126.0,0.4705,4.492e-07,0.4083636363636364
4007,5128.0,0.464125,4.354e-07,0.3958181818181818
4008,5129.0,0.45775,4.18e-07,0.38
4009,5130.0,0.451375,4.02e-07,0.3654545454545454
4010,5132.0,0.445,3.84e-07,0.349090909090909
4011,5133.0,0.4385,3.627e-07,0.3297272727272726
4012,5134.0,0.432125,3.439e-07,0.3126363636363636
4013,5135.0,0.42575,3.249e-07,0.2953636363636364
4014,5137.0,0.419375,3.039e-07,0.2762727272727273
4015,5138.0,0.413,2.842e-07,0.2583636363636363
4016,5139.0,0.4065,2.612e-07,0.2374545454545454
4017,5140.0,0.400125,2.417e-07,0.2197272727272727
4018,5142.0,0.39375,2.248e-07,0.2043636363636363
4019,5143.0,0.387375,2.077e-07,0.1888181818181818
4020,5144.0,0.381,1.855e-07,0.1686363636363636
4021,5146.0,0.3745,1.693e-07,0.1539090909090908
4022,5147.0,0.368125,1.506e-07,0.1369090909090909
4023,5148.0,0.36175,1.286e-07,0.1169090909090909
4024,5149.0,0.355375,1.095e-07,0.0995454545454545
4025,5151.0,0.348875,8.949e-08,0.0813545454545454
4026,5152.0,0.3425,6.926e-08,0.0629636363636363
4027,5153.0,0.336125,5.021e-08,0.0456454545454545
4028,5155.0,0.32975,2.647e-08,0.0240636363636363
4029,5156.0,0.323375,7.889e-10,0.0007171818181818
4030,5157.0,0.316875,-2.246e-08,-0.0204181818181818
4031,5158.0,0.3105,-5.022e-08,-0.0456545454545454
4032,5160.0,0.304125,-7.233e-08,-0.0657545454545454
4033,5161.0,0.29775,-9.546e-08,-0.0867818181818181
4034,5162.0,0.291375,-1.19e-07,-0.1081818181818181
4035,5164.0,0.284875,-1.45e-07,-0.1318181818181818
4036,5165.0,0.2785,-1.641e-07,-0.1491818181818181
4037,5166.0,0.272125,-1.823e-07,-0.1657272727272727
4038,5167.0,0.26575,-1.99e-07,-0.1809090909090908
4039,5169.0,0.259375,-2.129e-07,-0.1935454545454545
4040,5170.0,0.252875,-2.274e-07,-0.2067272727272727
4041,5171.0,0.2465,-2.391e-07,-0.2173636363636363
4042,5172.0,0.240125,-2.502e-07,-0.2274545454545454
4043,5174.0,0.23375,-2.564e-07,-0.2330909090909091
4044,5175.0,0.22725,-2.702e-07,-0.2456363636363636
4045,5176.0,0.220875,-2.802e-07,-0.2547272727272727
4046,5178.0,0.2145,-2.881e-07,-0.2619090909090908
4047,5179.0,0.208125,-2.957e-07,-0.2688181818181818
4048,5180.0,0.20175,-3.013e-07,-0.2739090909090908
4049,5181.0,0.19525,-3.135e-07,-0.285
4050,5183.0,0.188875,-3.175e-07,-0.2886363636363636
4051,5184.0,0.1825,-3.268e-07,-0.297090909090909
4052,5185.0,0.176125,-3.304e-07,-0.3003636363636363
4053,5187.0,0.16975,-3.325e-07,-0.3022727272727272
4054,5188.0,0.16325,-3.354e-07,-0.3049090909090908
4055,5189.0,0.156875,-3.343e-07,-0.3039090909090909
4056,5190.0,0.1505,-3.303e-07,-0.3002727272727272
4057,5192.0,0.144125,-3.279e-07,-0.2980909090909091
4058,5193.0,0.137625,-3.225e-07,-0.2931818181818181
4059,5194.0,0.13125,-3.152e-07,-0.2865454545454545
4060,5196.0,0.124875,-3.082e-07,-0.2801818181818182
4061,5197.0,0.1185,-2.978e-07,-0.2707272727272726
4062,5198.0,0.112125,-2.962e-07,-0.2692727272727273
4063,5199.0,0.105625,-2.94e-07,-0.2672727272727273
4064,5201.0,0.09925,-2.864e-07,-0.2603636363636364
4065,5202.0,0.092875,-2.845e-07,-0.2586363636363636
4066,5203.0,0.0865,-2.843e-07,-0.2584545454545454
4067,5204.0,0.080125,-2.864e-07,-0.2603636363636364
4068,5206.0,0.073625,-2.892e-07,-0.2629090909090909
4069,5207.0,0.06725,-2.918e-07,-0.2652727272727272
4070,5208.0,0.060875,-2.984e-07,-0.2712727272727273
4071,5210.0,0.0545,-3.033e-07,-0.2757272727272727
4072,5211.0,0.048125,-3.132e-07,-0.2847272727272727
4073,5212.0,0.041625,-3.205e-07,-0.2913636363636363
4074,5213.0,0.03525,-3.289e-07,-0.2989999999999999
4075,5215.0,0.028875,-3.395e-07,-0.3086363636363636
4076,5216.0,0.0225,-3.48e-07,-0.3163636363636363
4077,5217.0,0.016,-3.637e-07,-0.3306363636363636
4078,5219.0,0.009625,-3.763e-07,-0.3420909090909091
4079,5220.0,0.00325,-3.883e-07,-0.3529999999999999
4080,5221.0,-0.003125,-4.057e-07,-0.3688181818181817
4081,5222.0,-0.0095,-4.206e-07,-0.3823636363636363
4082,5224.0,-0.016,-4.428e-07,-0.4025454545454545
4083,5225.0,-0.022375,-4.573e-07,-0.4157272727272726
4084,5226.0,-0.02875,-4.717e-07,-0.4288181818181817
4085,5228.0,-0.035125,-4.919e-07,-0.4471818181818181
4086,5229.0,-0.0415,-5.113e-07,-0.4648181818181817
4087,5230.0,-0.048,-5.309e-07,-0.4826363636363635
4088,5231.0,-0.054375,-5.494e-07,-0.4994545454545454
4089,5233.0,-0.06075,-5.728e-07,-0.5207272727272728
4090,5234.0,-0.067125,-5.912e-07,-0.5374545454545455
4091,5235.0,-0.0735,-6.168e-07,-0.5607272727272727
4092,5236.0,-0.08,-6.418e-07,-0.5834545454545454
4093,5238.0,-0.086375,-6.702e-07,-0.6092727272727272
4094,5239.0,-0.09275,-6.998e-07,-0.6361818181818181
4095,5240.0,-0.099125,-7.297e-07,-0.6633636363636364
4096,5242.0,-0.105625,-7.623e-07,-0.693
4097,5243.0,-0.112,-7.973e-07,-0.7248181818181818
4098,5244.0,-0.118375,-8.281e-07,-0.7528181818181817
4099,5245.0,-0.12475,-8.663e-07,-0.7875454545454544
4100,5247.0,-0.131125,-9.036e-07,-0.8214545454545454
4101,5248.0,-0.137625,-9.467e-07,-0.8606363636363635
4102,5249.0,-0.144,-9.873e-07,-0.8975454545454545
4103,5251.0,-0.150375,-1.032e-06,-0.938181818181818
4104,5252.0,-0.15675,-1.077e-06,-0.979090909090909
4105,5253.0,-0.163125,-1.127e-06,-1.0245454545454544
4106,5254.0,-0.169625,-1.174e-06,-1.0672727272727272
4107,5256.0,-0.176,-1.224e-06,-1.1127272727272726
4108,5257.0,-0.182375,-1.28e-06,-1.1636363636363636
4109,5258.0,-0.18875,-1.332e-06,-1.2109090909090907
4110,5260.0,-0.195125,-1.386e-06,-1.2599999999999998
4111,5261.0,-0.201625,-1.447e-06,-1.3154545454545454
4112,5262.0,-0.208,-1.507e-06,-1.37
4113,5263.0,-0.214375,-1.565e-06,-1.4227272727272726
4114,5265.0,-0.22075,-1.635e-06,-1.4863636363636363
4115,5266.0,-0.22725,-1.697e-06,-1.5427272727272727
4116,5267.0,-0.233625,-1.761e-06,-1.6009090909090906
4117,5268.0,-0.24,-1.832e-06,-1.6654545454545453
4118,5270.0,-0.246375,-1.902e-06,-1.7290909090909088
4119,5271.0,-0.25275,-1.97e-06,-1.790909090909091
4120,5272.0,-0.25925,-2.046e-06,-1.86
4121,5274.0,-0.265625,-2.123e-06,-1.93
4122,5275.0,-0.272,-2.2e-06,-2.0
4123,5276.0,-0.278375,-2.276e-06,-2.069090909090909
4124,5277.0,-0.28475,-2.354e-06,-2.14
4125,5279.0,-0.29125,-2.433e-06,-2.211818181818181
4126,5280.0,-0.297625,-2.52e-06,-2.2909090909090906
4127,5281.0,-0.304,-2.596e-06,-2.3599999999999994
4128,5283.0,-0.310375,-2.684e-06,-2.44
4129,5284.0,-0.31675,-2.766e-06,-2.514545454545454
4130,5285.0,-0.32325,-2.856e-06,-2.596363636363636
4131,5286.0,-0.329625,-2.939e-06,-2.671818181818182
4132,5288.0,-0.336,-3.028e-06,-2.7527272727272725
4133,5289.0,-0.342375,-3.116e-06,-2.8327272727272725
4134,5290.0,-0.348875,-3.204e-06,-2.9127272727272726
4135,5292.0,-0.35525,-3.293e-06,-2.993636363636364
4136,5293.0,-0.361625,-3.379e-06,-3.071818181818182
4137,5294.0,-0.368,-3.47e-06,-3.154545454545454
4138,5295.0,-0.374375,-3.553e-06,-3.2299999999999995
4139,5297.0,-0.380875,-3.643e-06,-3.3118181818181816
4140,5298.0,-0.38725,-3.725e-06,-3.386363636363636
4141,5299.0,-0.393625,-3.806e-06,-3.46
4142,5300.0,-0.4,-3.886e-06,-3.5327272727272723
4143,5302.0,-0.406375,-3.958e-06,-3.598181818181818
4144,5303.0,-0.412875,-4.03e-06,-3.663636363636364
4145,5304.0,-0.41925,-4.09e-06,-3.718181818181818
4146,5306.0,-0.425625,-4.147e-06,-3.77
4147,5307.0,-0.432,-4.193e-06,-3.811818181818182
4148,5308.0,-0.438375,-4.231e-06,-3.846363636363636
4149,5309.0,-0.444875,-4.26e-06,-3.872727272727272
4150,5311.0,-0.45125,-4.28e-06,-3.89090909090909
4151,5312.0,-0.457625,-4.297e-06,-3.906363636363636
4152,5313.0,-0.464,-4.306e-06,-3.914545454545454
4153,5315.0,-0.4705,-4.308e-06,-3.916363636363636
4154,5316.0,-0.476875,-4.31e-06,-3.9181818181818175
4155,5317.0,-0.48325,-4.316e-06,-3.9236363636363634
4156,5318.0,-0.489625,-4.322e-06,-3.9290909090909087
4157,5320.0,-0.496,-4.325e-06,-3.9318181818181817
4158,5321.0,-0.5025,-4.336e-06,-3.941818181818181
4159,5322.0,-0.508875,-4.343e-06,-3.948181818181818
4160,5324.0,-0.51525,-4.351e-06,-3.955454545454545
4161,5325.0,-0.521625,-4.366e-06,-3.969090909090909
4162,5326.0,-0.528,-4.382e-06,-3.983636363636363
4163,5327.0,-0.5345,-4.394e-06,-3.994545454545454
4164,5329.0,-0.540875,-4.411e-06,-4.009999999999999
4165,5330.0,-0.54725,-4.433e-06,-4.029999999999999
4166,5331.0,-0.553625,-4.449e-06,-4.044545454545454
4167,5332.0,-0.56,-4.465e-06,-4.059090909090909
4168,5334.0,-0.5665,-4.485e-06,-4.077272727272727
4169,5335.0,-0.572875,-4.507e-06,-4.097272727272728
4170,5336.0,-0.57925,-4.526e-06,-4.114545454545455
4171,5338.0,-0.585625,-4.557e-06,-4.142727272727272
4172,5339.0,-0.592125,-4.585e-06,-4.168181818181818
4173,5340.0,-0.5985,-4.61e-06,-4.1909090909090905
4174,5341.0,-0.604875,-4.64e-06,-4.218181818181818
4175,5343.0,-0.61125,-4.663e-06,-4.239090909090909
4176,5344.0,-0.617625,-4.684e-06,-4.258181818181818
4177,5345.0,-0.624125,-4.704e-06,-4.276363636363636
4178,5347.0,-0.6305,-4.723e-06,-4.293636363636364
4179,5348.0,-0.636875,-4.741e-06,-4.31
4180,5349.0,-0.64325,-4.767e-06,-4.333636363636364
4181,5350.0,-0.649625,-4.802e-06,-4.365454545454544
4182,5352.0,-0.656125,-4.848e-06,-4.407272727272727
4183,5353.0,-0.6625,-4.911e-06,-4.464545454545455
4184,5354.0,-0.668875,-4.983e-06,-4.53
4185,5356.0,-0.67525,-5.074e-06,-4.612727272727272
4186,5357.0,-0.68175,-5.178e-06,-4.707272727272727
4187,5358.0,-0.688125,-5.304e-06,-4.821818181818181
4188,5359.0,-0.6945,-5.443e-06,-4.948181818181818
4189,5361.0,-0.700875,-5.601e-06,-5.091818181818182
4190,5362.0,-0.70725,-5.785e-06,-5.259090909090908
4191,5363.0,-0.71375,-5.984e-06,-5.44
4192,5364.0,-0.720125,-6.199e-06,-5.635454545454545
4193,5366.0,-0.7265,-6.437e-06,-5.851818181818182
4194,5367.0,-0.732875,-6.697e-06,-6.088181818181817
4195,5368.0,-0.73925,-6.974e-06,-6.339999999999999
4196,5370.0,-0.74575,-7.269e-06,-6.6081818181818175
4197,5371.0,-0.752125,-7.578e-06,-6.889090909090909
4198,5372.0,-0.7585,-7.905e-06,-7.186363636363636
4199,5373.0,-0.764875,-8.246e-06,-7.496363636363636
4200,5375.0,-0.77125,-8.596e-06,-7.814545454545454
4201,5376.0,-0.77775,-8.949e-06,-8.135454545454545
4202,5377.0,-0.784125,-9.299e-06,-8.453636363636363
4203,5379.0,-0.7905,-9.65e-06,-8.772727272727272
4204,5380.0,-0.796875,-9.981e-06,-9.073636363636362
4205,5381.0,-0.803375,-1.03e-05,-9.363636363636362
4206,5382.0,-0.80975,-1.058e-05,-9.618181818181816
4207,5384.0,-0.816125,-1.082e-05,-9.836363636363636
4208,5385.0,-0.8225,-1.101e-05,-10.009090909090908
4209,5386.0,-0.828875,-1.116e-05,-10.145454545454545
4210,5388.0,-0.835375,-1.125e-05,-10.227272727272728
4211,5389.0,-0.84175,-1.127e-05,-10.245454545454546
4212,5390.0,-0.848125,-1.124e-05,-10.218181818181815
4213,5391.0,-0.8545,-1.115e-05,-10.136363636363637
4214,5393.0,-0.860875,-1.102e-05,-10.018181818181818
4215,5394.0,-0.867375,-1.085e-05,-9.863636363636363
4216,5395.0,-0.87375,-1.064e-05,-9.672727272727272
4217,5396.0,-0.880125,-1.042e-05,-9.472727272727273
4218,5398.0,-0.8865,-1.019e-05,-9.263636363636364
4219,5399.0,-0.892875,-9.952e-06,-9.047272727272729
4220,5400.0,-0.899375,-9.726e-06,-8.84181818181818
4221,5402.0,-0.90575,-9.507e-06,-8.642727272727273
4222,5403.0,-0.912125,-9.304e-06,-8.458181818181815
4223,5404.0,-0.9185,-9.114e-06,-8.285454545454543
4224,5405.0,-0.925,-8.937e-06,-8.124545454545453
4225,5407.0,-0.931375,-8.775e-06,-7.977272727272727
4226,5408.0,-0.93775,-8.622e-06,-7.838181818181817
4227,5409.0,-0.944125,-8.482e-06,-7.71090909090909
4228,5411.0,-0.9505,-8.352e-06,-7.592727272727273
4229,5412.0,-0.957,-8.232e-06,-7.483636363636362
4230,5413.0,-0.963375,-8.124e-06,-7.385454545454546
4231,5414.0,-0.96975,-8.025e-06,-7.295454545454545
4232,5416.0,-0.976125,-7.931e-06,-7.21
4233,5417.0,-0.9825,-7.841e-06,-7.128181818181818
4234,5418.0,-0.989,-7.758e-06,-7.052727272727271
4235,5420.0,-0.995375,-7.689e-06,-6.989999999999999
4236,5421.0,-1.00175,-7.617e-06,-6.924545454545454
4237,5422.0,-1.008125,-7.551e-06,-6.864545454545454
4238,5423.0,-1.0145,-7.49e-06,-6.809090909090909
4239,5425.0,-1.021,-7.434e-06,-6.758181818181818
4240,5426.0,-1.027375,-7.382e-06,-6.71090909090909
4241,5427.0,-1.03375,-7.332e-06,-6.665454545454545
4242,5428.0,-1.040125,-7.287e-06,-6.624545454545454
4243,5430.0,-1.046625,-7.238e-06,-6.579999999999999
4244,5431.0,-1.053,-7.197e-06,-6.542727272727272
4245,5432.0,-1.059375,-7.156e-06,-6.505454545454545
4246,5434.0,-1.06575,-7.113e-06,-6.466363636363636
4247,5435.0,-1.072125,-7.072e-06,-6.429090909090909
4248,5436.0,-1.078625,-7.04e-06,-6.4
4249,5437.0,-1.085,-7e-06,-6.363636363636363
4250,5439.0,-1.091375,-6.965e-06,-6.331818181818181
4251,5440.0,-1.09775,-6.926e-06,-6.296363636363636
4252,5441.0,-1.104125,-6.885e-06,-6.259090909090909
4253,5443.0,-1.110625,-6.855e-06,-6.231818181818181
4254,5444.0,-1.117,-6.82e-06,-6.2
4255,5445.0,-1.123375,-6.791e-06,-6.173636363636363
4256,5446.0,-1.12975,-6.754e-06,-6.14
4257,5448.0,-1.136125,-6.723e-06,-6.111818181818181
4258,5449.0,-1.142625,-6.686e-06,-6.078181818181817
4259,5450.0,-1.149,-6.659e-06,-6.053636363636363
4260,5452.0,-1.155375,-6.624e-06,-6.021818181818181
4261,5453.0,-1.16175,-6.594e-06,-5.994545454545454
4262,5454.0,-1.16825,-6.562e-06,-5.965454545454545
4263,5455.0,-1.174625,-6.535e-06,-5.9409090909090905
4264,5457.0,-1.181,-6.502e-06,-5.91090909090909
4265,5458.0,-1.187375,-6.476e-06,-5.887272727272727
4266,5459.0,-1.19375,-6.445e-06,-5.8590909090909085
4267,5460.0,-1.20025,-6.417e-06,-5.833636363636363
4268,5462.0,-1.206625,-6.388e-06,-5.807272727272727
4269,5463.0,-1.213,-6.362e-06,-5.783636363636363
4270,5464.0,-1.219375,-6.333e-06,-5.757272727272727
4271,5466.0,-1.22575,-6.313e-06,-5.739090909090909
4272,5467.0,-1.23225,-6.29e-06,-5.718181818181818
4273,5468.0,-1.238625,-6.263e-06,-5.693636363636363
4274,5469.0,-1.245,-6.235e-06,-5.668181818181817
4275,5471.0,-1.251375,-6.217e-06,-5.651818181818181
4276,5472.0,-1.25775,-6.195e-06,-5.631818181818182
4277,5473.0,-1.26425,-6.172e-06,-5.610909090909091
4278,5475.0,-1.270625,-6.151e-06,-5.591818181818181
4279,5476.0,-1.277,-6.131e-06,-5.573636363636363
4280,5477.0,-1.283375,-6.111e-06,-5.555454545454545
4281,5478.0,-1.289875,-6.092e-06,-5.538181818181818
4282,5480.0,-1.29625,-6.074e-06,-5.5218181818181815
4283,5481.0,-1.302625,-6.053e-06,-5.502727272727272
4284,5482.0,-1.309,-6.043e-06,-5.493636363636363
4285,5484.0,-1.315375,-6.024e-06,-5.476363636363636
4286,5485.0,-1.321875,-6.004e-06,-5.458181818181817
4287,5486.0,-1.32825,-5.987e-06,-5.442727272727272
4288,5487.0,-1.334625,-5.97e-06,-5.427272727272727
4289,5489.0,-1.341,-5.954e-06,-5.412727272727272
4290,5490.0,-1.347375,-5.938e-06,-5.3981818181818175
4291,5491.0,-1.353875,-5.926e-06,-5.387272727272726
4292,5492.0,-1.36025,-5.91e-06,-5.372727272727272
4293,5494.0,-1.366625,-5.894e-06,-5.3581818181818175
4294,5495.0,-1.373,-5.884e-06,-5.349090909090909
4295,5496.0,-1.379375,-5.868e-06,-5.334545454545454
4296,5498.0,-1.385875,-5.857e-06,-5.324545454545454
4297,5499.0,-1.39225,-5.843e-06,-5.3118181818181816
4298,5500.0,-1.398625,-5.827e-06,-5.297272727272727
4299,5501.0,-1.405,-5.819e-06,-5.289999999999999
4300,5503.0,-1.4115,-5.808e-06,-5.279999999999999
4301,5504.0,-1.417875,-5.798e-06,-5.2709090909090905
4302,5505.0,-1.42425,-5.788e-06,-5.261818181818182
4303,5507.0,-1.430625,-5.777e-06,-5.251818181818182
4304,5508.0,-1.437,-5.77e-06,-5.245454545454544
4305,5509.0,-1.4435,-5.763e-06,-5.239090909090908
4306,5510.0,-1.449875,-5.75e-06,-5.227272727272727
4307,5512.0,-1.45625,-5.743e-06,-5.220909090909091
4308,5513.0,-1.462625,-5.739e-06,-5.217272727272727
4309,5514.0,-1.469,-5.731e-06,-5.209999999999999
4310,5516.0,-1.4755,-5.718e-06,-5.198181818181817
4311,5517.0,-1.481875,-5.711e-06,-5.191818181818181
4312,5518.0,-1.48825,-5.699e-06,-5.180909090909091
4313,5519.0,-1.494625,-5.689e-06,-5.171818181818182
4314,5521.0,-1.49775,-5.516e-06,-5.014545454545454
4315,5522.0,-1.491875,-5.271e-06,-4.791818181818181
4316,5523.0,-1.4855,-5.152e-06,-4.683636363636364
4317,5524.0,-1.479,-5.068e-06,-4.607272727272727
4318,5526.0,-1.472625,-4.996e-06,-4.541818181818182
4319,5527.0,-1.46625,-4.936e-06,-4.487272727272727
4320,5528.0,-1.459875,-4.88e-06,-4.436363636363636
4321,5530.0,-1.4535,-4.83e-06,-4.390909090909091
4322,5531.0,-1.447,-4.784e-06,-4.34909090909091
4323,5532.0,-1.440625,-4.741e-06,-4.31
4324,5533.0,-1.43425,-4.699e-06,-4.2718181818181815
4325,5535.0,-1.427875,-4.66e-06,-4.236363636363636
4326,5536.0,-1.4215,-4.624e-06,-4.203636363636364
4327,5537.0,-1.415,-4.593e-06,-4.175454545454545
4328,5539.0,-1.408625,-4.558e-06,-4.143636363636364
4329,5540.0,-1.40225,-4.524e-06,-4.112727272727272
4330,5541.0,-1.395875,-4.49e-06,-4.081818181818182
4331,5542.0,-1.3895,-4.458e-06,-4.052727272727273
4332,5544.0,-1.383,-4.431e-06,-4.028181818181817
4333,5545.0,-1.376625,-4.4e-06,-4.0
4334,5546.0,-1.37025,-4.368e-06,-3.9709090909090903
4335,5548.0,-1.363875,-4.339e-06,-3.944545454545455
4336,5549.0,-1.357375,-4.309e-06,-3.917272727272727
4337,5550.0,-1.351,-4.285e-06,-3.8954545454545446
4338,5551.0,-1.344625,-4.254e-06,-3.867272727272727
4339,5553.0,-1.33825,-4.231e-06,-3.846363636363636
4340,5554.0,-1.331875,-4.199e-06,-3.817272727272727
4341,5555.0,-1.325375,-4.169e-06,-3.79
4342,5556.0,-1.319,-4.145e-06,-3.768181818181818
4343,5558.0,-1.312625,-4.12e-06,-3.745454545454545
4344,5559.0,-1.30625,-4.095e-06,-3.722727272727272
4345,5560.0,-1.299875,-4.071e-06,-3.70090909090909
4346,5562.0,-1.293375,-4.044e-06,-3.676363636363636
4347,5563.0,-1.287,-4.017e-06,-3.651818181818181
4348,5564.0,-1.280625,-3.993e-06,-3.63
4349,5565.0,-1.27425,-3.972e-06,-3.610909090909091
4350,5567.0,-1.267875,-3.945e-06,-3.5863636363636364
4351,5568.0,-1.261375,-3.924e-06,-3.567272727272727
4352,5569.0,-1.255,-3.9e-06,-3.545454545454545
4353,5571.0,-1.248625,-3.879e-06,-3.5263636363636355
4354,5572.0,-1.24225,-3.859e-06,-3.508181818181818
4355,5573.0,-1.23575,-3.837e-06,-3.488181818181818
4356,5574.0,-1.229375,-3.815e-06,-3.468181818181818
4357,5576.0,-1.223,-3.794e-06,-3.4490909090909088
4358,5577.0,-1.216625,-3.776e-06,-3.432727272727272
4359,5578.0,-1.21025,-3.755e-06,-3.413636363636363
4360,5580.0,-1.20375,-3.737e-06,-3.397272727272727
4361,5581.0,-1.197375,-3.719e-06,-3.3809090909090904
4362,5582.0,-1.191,-3.698e-06,-3.3618181818181814
4363,5583.0,-1.184625,-3.681e-06,-3.346363636363636
4364,5585.0,-1.17825,-3.663e-06,-3.33
4365,5586.0,-1.17175,-3.636e-06,-3.305454545454545
4366,5587.0,-1.165375,-3.62e-06,-3.2909090909090906
4367,5588.0,-1.159,-3.602e-06,-3.274545454545454
4368,5590.0,-1.152625,-3.583e-06,-3.257272727272727
4369,5591.0,-1.14625,-3.563e-06,-3.239090909090909
4370,5592.0,-1.13975,-3.545e-06,-3.222727272727272
4371,5594.0,-1.133375,-3.533e-06,-3.211818181818181
4372,5595.0,-1.127,-3.505e-06,-3.186363636363636
4373,5596.0,-1.120625,-3.486e-06,-3.169090909090909
4374,5597.0,-1.114125,-3.472e-06,-3.1563636363636363
4375,5599.0,-1.10775,-3.451e-06,-3.137272727272727
4376,5600.0,-1.101375,-3.432e-06,-3.12
4377,5601.0,-1.095,-3.416e-06,-3.105454545454545
4378,5603.0,-1.088625,-3.393e-06,-3.084545454545454
4379,5604.0,-1.082125,-3.375e-06,-3.068181818181818
4380,5605.0,-1.07575,-3.36e-06,-3.0545454545454542
4381,5606.0,-1.069375,-3.337e-06,-3.033636363636364
4382,5608.0,-1.063,-3.326e-06,-3.0236363636363635
4383,5609.0,-1.056625,-3.299e-06,-2.9990909090909086
4384,5610.0,-1.050125,-3.283e-06,-2.984545454545455
4385,5612.0,-1.04375,-3.265e-06,-2.9681818181818183
4386,5613.0,-1.037375,-3.243e-06,-2.9481818181818182
4387,5614.0,-1.031,-3.227e-06,-2.933636363636364
4388,5615.0,-1.024625,-3.214e-06,-2.921818181818181
4389,5617.0,-1.018125,-3.187e-06,-2.8972727272727274
4390,5618.0,-1.01175,-3.173e-06,-2.8845454545454543
4391,5619.0,-1.005375,-3.156e-06,-2.869090909090909
4392,5620.0,-0.999,-3.129e-06,-2.8445454545454543
4393,5622.0,-0.9925,-3.108e-06,-2.825454545454545
4394,5623.0,-0.986125,-3.095e-06,-2.8136363636363635
4395,5624.0,-0.97975,-3.071e-06,-2.791818181818181
4396,5626.0,-0.973375,-3.045e-06,-2.768181818181818
4397,5627.0,-0.967,-3.022e-06,-2.747272727272727
4398,5628.0,-0.9605,-3.004e-06,-2.7309090909090905
4399,5629.0,-0.954125,-2.985e-06,-2.7136363636363634
4400,5631.0,-0.94775,-2.952e-06,-2.683636363636364
4401,5632.0,-0.941375,-2.925e-06,-2.6590909090909087
4402,5633.0,-0.935,-2.91e-06,-2.645454545454545
4403,5635.0,-0.9285,-2.885e-06,-2.622727272727272
4404,5636.0,-0.922125,-2.849e-06,-2.59
4405,5637.0,-0.91575,-2.823e-06,-2.566363636363636
4406,5638.0,-0.909375,-2.792e-06,-2.538181818181818
4407,5640.0,-0.903,-2.759e-06,-2.5081818181818183
4408,5641.0,-0.8965,-2.73e-06,-2.481818181818181
4409,5642.0,-0.890125,-2.696e-06,-2.4509090909090907
4410,5644.0,-0.88375,-2.663e-06,-2.420909090909091
4411,5645.0,-0.877375,-2.629e-06,-2.39
4412,5646.0,-0.870875,-2.594e-06,-2.358181818181818
4413,5647.0,-0.8645,-2.555e-06,-2.3227272727272728
4414,5649.0,-0.858125,-2.521e-06,-2.291818181818181
4415,5650.0,-0.85175,-2.479e-06,-2.2536363636363634
4416,5651.0,-0.845375,-2.445e-06,-2.222727272727272
4417,5652.0,-0.838875,-2.4e-06,-2.1818181818181817
4418,5654.0,-0.8325,-2.37e-06,-2.1545454545454543
4419,5655.0,-0.826125,-2.323e-06,-2.111818181818182
4420,5656.0,-0.81975,-2.279e-06,-2.071818181818182
4421,5658.0,-0.813375,-2.244e-06,-2.04
4422,5659.0,-0.806875,-2.196e-06,-1.996363636363636
4423,5660.0,-0.8005,-2.155e-06,-1.9590909090909088
4424,5661.0,-0.794125,-2.118e-06,-1.925454545454545
4425,5663.0,-0.78775,-2.08e-06,-1.8909090909090909
4426,5664.0,-0.78125,-2.03e-06,-1.8454545454545452
4427,5665.0,-0.774875,-1.987e-06,-1.8063636363636364
4428,5667.0,-0.7685,-1.954e-06,-1.776363636363636
4429,5668.0,-0.762125,-1.919e-06,-1.7445454545454546
4430,5669.0,-0.75575,-1.878e-06,-1.7072727272727273
4431,5670.0,-0.74925,-1.839e-06,-1.671818181818182
4432,5672.0,-0.742875,-1.799e-06,-1.6354545454545455
4433,5673.0,-0.7365,-1.766e-06,-1.6054545454545452
4434,5674.0,-0.730125,-1.737e-06,-1.579090909090909
4435,5676.0,-0.72375,-1.699e-06,-1.5445454545454542
4436,5677.0,-0.71725,-1.66e-06,-1.5090909090909088
4437,5678.0,-0.710875,-1.633e-06,-1.4845454545454544
4438,5679.0,-0.7045,-1.609e-06,-1.4627272727272729
4439,5681.0,-0.698125,-1.571e-06,-1.4281818181818182
4440,5682.0,-0.69175,-1.548e-06,-1.4072727272727272
4441,5683.0,-0.68525,-1.515e-06,-1.377272727272727
4442,5684.0,-0.678875,-1.493e-06,-1.357272727272727
4443,5686.0,-0.6725,-1.46e-06,-1.3272727272727272
4444,5687.0,-0.666125,-1.439e-06,-1.308181818181818
4445,5688.0,-0.659625,-1.415e-06,-1.2863636363636364
4446,5690.0,-0.65325,-1.391e-06,-1.2645454545454542
4447,5691.0,-0.646875,-1.364e-06,-1.2399999999999998
4448,5692.0,-0.6405,-1.344e-06,-1.2218181818181817
4449,5693.0,-0.634125,-1.318e-06,-1.198181818181818
4450,5695.0,-0.627625,-1.296e-06,-1.1781818181818182
4451,5696.0,-0.62125,-1.267e-06,-1.1518181818181816
4452,5697.0,-0.614875,-1.247e-06,-1.1336363636363636
4453,5699.0,-0.6085,-1.218e-06,-1.1072727272727272
4454,5700.0,-0.602125,-1.189e-06,-1.0809090909090908
4455,5701.0,-0.595625,-1.162e-06,-1.0563636363636364
4456,5702.0,-0.58925,-1.13e-06,-1.0272727272727271
4457,5704.0,-0.582875,-1.104e-06,-1.0036363636363634
4458,5705.0,-0.5765,-1.063e-06,-0.9663636363636362
4459,5706.0,-0.570125,-1.029e-06,-0.9354545454545452
4460,5708.0,-0.563625,-9.891e-07,-0.8991818181818181
4461,5709.0,-0.55725,-9.578e-07,-0.8707272727272727
4462,5710.0,-0.550875,-9.138e-07,-0.8307272727272728
4463,5711.0,-0.5445,-8.798e-07,-0.7998181818181818
4464,5713.0,-0.538,-8.429e-07,-0.7662727272727272
4465,5714.0,-0.531625,-8.005e-07,-0.7277272727272727
4466,5715.0,-0.52525,-7.749e-07,-0.7044545454545454
4467,5716.0,-0.518875,-7.466e-07,-0.6787272727272726
4468,5718.0,-0.5125,-7.132e-07,-0.6483636363636364
4469,5719.0,-0.506,-6.94e-07,-0.6309090909090909
4470,5720.0,-0.499625,-6.717e-07,-0.6106363636363635
4471,5722.0,-0.49325,-6.484e-07,-0.5894545454545453
4472,5723.0,-0.486875,-6.376e-07,-0.5796363636363636
4473,5724.0,-0.4805,-6.21e-07,-0.5645454545454545
4474,5725.0,-0.474,-5.995e-07,-0.545
4475,5727.0,-0.467625,-5.882e-07,-0.5347272727272727
4476,5728.0,-0.46125,-5.693e-07,-0.5175454545454545
4477,5729.0,-0.454875,-5.566e-07,-0.5059999999999999
4478,5731.0,-0.4485,-5.405e-07,-0.4913636363636363
4479,5732.0,-0.442,-5.182e-07,-0.471090909090909
4480,5733.0,-0.435625,-5.03e-07,-0.4572727272727272
4481,5734.0,-0.42925,-4.765e-07,-0.4331818181818181
4482,5736.0,-0.422875,-4.621e-07,-0.420090909090909
4483,5737.0,-0.416375,-4.442e-07,-0.4038181818181818
4484,5738.0,-0.41,-4.174e-07,-0.3794545454545454
4485,5740.0,-0.403625,-3.95e-07,-0.359090909090909
4486,5741.0,-0.39725,-3.786e-07,-0.3441818181818181
4487,5742.0,-0.390875,-3.591e-07,-0.3264545454545454
4488,5743.0,-0.384375,-3.413e-07,-0.3102727272727272
4489,5745.0,-0.378,-3.152e-07,-0.2865454545454545
4490,5746.0,-0.371625,-2.915e-07,-0.2649999999999999
4491,5747.0,-0.36525,-2.696e-07,-0.245090909090909
4492,5748.0,-0.358875,-2.443e-07,-0.222090909090909
4493,5750.0,-0.352375,-2.222e-07,-0.2019999999999999
4494,5751.0,-0.346,-2.01e-07,-0.1827272727272727
4495,5752.0,-0.339625,-1.809e-07,-0.1644545454545454
4496,5754.0,-0.33325,-1.636e-07,-0.1487272727272727
4497,5755.0,-0.326875,-1.429e-07,-0.1299090909090909
4498,5756.0,-0.320375,-1.209e-07,-0.1099090909090909
4499,5757.0,-0.314,-9.857e-08,-0.0896090909090909
4500,5759.0,-0.307625,-7.313e-08,-0.0664818181818181
4501,5760.0,-0.30125,-5.318e-08,-0.0483454545454545
4502,5761.0,-0.29475,-3.455e-08,-0.0314090909090909
4503,5763.0,-0.288375,-1.511e-08,-0.0137363636363636
4504,5764.0,-0.282,1.245e-08,0.0113181818181818
4505,5765.0,-0.275625,3.418e-08,0.0310727272727272
4506,5766.0,-0.26925,5.468e-08,0.0497090909090909
4507,5768.0,-0.26275,7.183e-08,0.0653
4508,5769.0,-0.256375,9.309e-08,0.0846272727272727
4509,5770.0,-0.25,1.102e-07,0.1001818181818181
4510,5772.0,-0.243625,1.331e-07,0.1209999999999999
4511,5773.0,-0.23725,1.516e-07,0.1378181818181818
4512,5774.0,-0.23075,1.724e-07,0.1567272727272727
4513,5775.0,-0.224375,1.907e-07,0.1733636363636363
4514,5777.0,-0.218,2.121e-07,0.1928181818181818
4515,5778.0,-0.211625,2.282e-07,0.2074545454545454
4516,5779.0,-0.20525,2.451e-07,0.2228181818181817
4517,5780.0,-0.19875,2.626e-07,0.2387272727272727
4518,5782.0,-0.192375,2.763e-07,0.2511818181818182
4519,5783.0,-0.186,3.006e-07,0.2732727272727272
4520,5784.0,-0.179625,3.183e-07,0.2893636363636363
4521,5786.0,-0.173125,3.24e-07,0.2945454545454545
4522,5787.0,-0.16675,3.46e-07,0.3145454545454545
4523,5788.0,-0.160375,3.619e-07,0.3289999999999999
4524,5789.0,-0.154,3.719e-07,0.338090909090909
4525,5791.0,-0.147625,3.951e-07,0.3591818181818181
4526,5792.0,-0.141125,4.07e-07,0.3699999999999999
4527,5793.0,-0.13475,4.22e-07,0.3836363636363636
4528,5795.0,-0.128375,4.359e-07,0.3962727272727272
4529,5796.0,-0.122,4.513e-07,0.4102727272727273
4530,5797.0,-0.115625,4.622e-07,0.4201818181818181
4531,5798.0,-0.109125,4.747e-07,0.4315454545454544
4532,5800.0,-0.10275,4.841e-07,0.440090909090909
4533,5801.0,-0.096375,4.991e-07,0.4537272727272727
4534,5802.0,-0.09,5.007e-07,0.4551818181818182
4535,5804.0,-0.083625,5.197e-07,0.4724545454545453
4536,5805.0,-0.077125,5.213e-07,0.4739090909090908
4537,5806.0,-0.07075,5.411e-07,0.4919090909090909
4538,5807.0,-0.064375,5.481e-07,0.4982727272727272
4539,5809.0,-0.058,5.581e-07,0.5073636363636363
4540,5810.0,-0.0515,5.728e-07,0.5207272727272728
4541,5811.0,-0.045125,5.873e-07,0.5339090909090908
4542,5812.0,-0.03875,6.015e-07,0.5468181818181818
4543,5814.0,-0.032375,6.139e-07,0.5580909090909091
4544,5815.0,-0.026,6.375e-07,0.5795454545454546
4545,5816.0,-0.0195,6.518e-07,0.5925454545454545
4546,5818.0,-0.013125,6.732e-07,0.612
4547,5819.0,-0.00675,6.948e-07,0.6316363636363636
4548,5820.0,-0.000375,7.191e-07,0.6537272727272727
4549,5821.0,0.006,7.456e-07,0.6778181818181818
4550,5823.0,0.0125,7.677e-07,0.6979090909090908
4551,5824.0,0.018875,7.931e-07,0.721
4552,5825.0,0.02525,8.247e-07,0.7497272727272727
4553,5827.0,0.031625,8.445e-07,0.7677272727272727
4554,5828.0,0.038125,8.667e-07,0.7879090909090909
4555,5829.0,0.0445,9.028e-07,0.8207272727272726
4556,5830.0,0.050875,9.212e-07,0.8374545454545455
4557,5832.0,0.05725,9.516e-07,0.865090909090909
4558,5833.0,0.063625,9.686e-07,0.8805454545454544
4559,5834.0,0.070125,9.941e-07,0.9037272727272726
4560,5836.0,0.0765,1.019e-06,0.9263636363636362
4561,5837.0,0.082875,1.042e-06,0.9472727272727272
4562,5838.0,0.08925,1.072e-06,0.9745454545454544
4563,5839.0,0.095625,1.091e-06,0.9918181818181816
4564,5841.0,0.102125,1.126e-06,1.0236363636363637
4565,5842.0,0.1085,1.154e-06,1.049090909090909
4566,5843.0,0.114875,1.193e-06,1.0845454545454545
4567,5844.0,0.12125,1.222e-06,1.1109090909090908
4568,5846.0,0.127625,1.267e-06,1.1518181818181816
4569,5847.0,0.134125,1.302e-06,1.1836363636363636
4570,5848.0,0.1405,1.35e-06,1.2272727272727273
4571,5850.0,0.146875,1.387e-06,1.2609090909090908
4572,5851.0,0.15325,1.44e-06,1.3090909090909089
4573,5852.0,0.15975,1.486e-06,1.3509090909090908
4574,5853.0,0.166125,1.536e-06,1.3963636363636365
4575,5855.0,0.1725,1.598e-06,1.4527272727272726
4576,5856.0,0.178875,1.647e-06,1.497272727272727
4577,5857.0,0.18525,1.71e-06,1.5545454545454545
4578,5859.0,0.19175,1.772e-06,1.6109090909090908
4579,5860.0,0.198125,1.849e-06,1.680909090909091
4580,5861.0,0.2045,1.919e-06,1.7445454545454546
4581,5862.0,0.210875,2.018e-06,1.8345454545454545
4582,5864.0,0.21725,2.111e-06,1.9190909090909087
4583,5865.0,0.22375,2.229e-06,2.0263636363636364
4584,5866.0,0.230125,2.355e-06,2.1409090909090907
4585,5868.0,0.2365,2.502e-06,2.274545454545454
4586,5869.0,0.242875,2.664e-06,2.421818181818181
4587,5870.0,0.24925,2.846e-06,2.587272727272727
4588,5871.0,0.25575,3.058e-06,2.78
4589,5873.0,0.262125,3.275e-06,2.977272727272727
4590,5874.0,0.2685,3.526e-06,3.2054545454545456
4591,5875.0,0.274875,3.787e-06,3.4427272727272724
4592,5876.0,0.281375,4.078e-06,3.707272727272727
4593,5878.0,0.28775,4.374e-06,3.976363636363636
4594,5879.0,0.294125,4.696e-06,4.269090909090909
4595,5880.0,0.3005,5.011e-06,4.555454545454545
4596,5882.0,0.306875,5.346e-06,4.859999999999999
4597,5883.0,0.313375,5.671e-06,5.155454545454545
4598,5884.0,0.31975,6.006e-06,5.459999999999999
4599,5885.0,0.326125,6.332e-06,5.756363636363636
4600,5887.0,0.3325,6.659e-06,6.053636363636363
4601,5888.0,0.338875,6.972e-06,6.338181818181818
4602,5889.0,0.345375,7.284e-06,6.621818181818181
4603,5891.0,0.35175,7.57e-06,6.881818181818182
4604,5892.0,0.358125,7.853e-06,7.139090909090908
4605,5893.0,0.3645,8.112e-06,7.374545454545454
4606,5894.0,0.370875,8.338e-06,7.58
4607,5896.0,0.377375,8.554e-06,7.776363636363636
4608,5897.0,0.38375,8.725e-06,7.931818181818181
4609,5898.0,0.390125,8.869e-06,8.062727272727273
4610,5900.0,0.3965,8.975e-06,8.159090909090908
4611,5901.0,0.403,9.043e-06,8.220909090909089
4612,5902.0,0.409375,9.073e-06,8.248181818181816
4613,5903.0,0.41575,9.062e-06,8.238181818181818
4614,5905.0,0.422125,9.018e-06,8.198181818181817
4615,5906.0,0.4285,8.94e-06,8.127272727272727
4616,5907.0,0.435,8.839e-06,8.035454545454545
4617,5908.0,0.441375,8.707e-06,7.915454545454544
4618,5910.0,0.44775,8.556e-06,7.778181818181818
4619,5911.0,0.454125,8.374e-06,7.612727272727272
4620,5912.0,0.4605,8.19e-06,7.445454545454544
4621,5914.0,0.467,7.987e-06,7.260909090909091
4622,5915.0,0.473375,7.789e-06,7.08090909090909
4623,5916.0,0.47975,7.589e-06,6.8990909090909085
4624,5917.0,0.486125,7.386e-06,6.714545454545454
4625,5919.0,0.4925,7.192e-06,6.538181818181818
4626,5920.0,0.499,7.001e-06,6.364545454545454
4627,5921.0,0.505375,6.819e-06,6.199090909090908
4628,5923.0,0.51175,6.645e-06,6.04090909090909
4629,5924.0,0.518125,6.478e-06,5.889090909090909
4630,5925.0,0.524625,6.316e-06,5.741818181818181
4631,5926.0,0.531,6.167e-06,5.606363636363636
4632,5928.0,0.537375,6.023e-06,5.475454545454545
4633,5929.0,0.54375,5.882e-06,5.347272727272727
4634,5930.0,0.550125,5.753e-06,5.23
4635,5932.0,0.556625,5.627e-06,5.115454545454545
4636,5933.0,0.563,5.513e-06,5.011818181818182
4637,5934.0,0.569375,5.393e-06,4.902727272727272
4638,5935.0,0.57575,5.283e-06,4.802727272727273
4639,5937.0,0.582125,5.186e-06,4.714545454545454
4640,5938.0,0.588625,5.082e-06,4.619999999999999
4641,5939.0,0.595,4.99e-06,4.536363636363635
4642,5940.0,0.601375,4.897e-06,4.451818181818182
4643,5942.0,0.60775,4.805e-06,4.368181818181817
4644,5943.0,0.614125,4.724e-06,4.294545454545454
4645,5944.0,0.620625,4.647e-06,4.224545454545454
4646,5946.0,0.627,4.564e-06,4.1490909090909085
4647,5947.0,0.633375,4.5e-06,4.090909090909091
4648,5948.0,0.63975,4.428e-06,4.025454545454545
4649,5949.0,0.64625,4.36e-06,3.963636363636363
4650,5951.0,0.652625,4.294e-06,3.903636363636363
4651,5952.0,0.659,4.238e-06,3.852727272727272
4652,5953.0,0.665375,4.179e-06,3.799090909090909
4653,5955.0,0.67175,4.125e-06,3.75
4654,5956.0,0.67825,4.062e-06,3.692727272727273
4655,5957.0,0.684625,4.019e-06,3.6536363636363633
4656,5958.0,0.691,3.966e-06,3.605454545454545
4657,5960.0,0.697375,3.914e-06,3.558181818181818
4658,5961.0,0.70375,3.875e-06,3.5227272727272725
4659,5962.0,0.71025,3.83e-06,3.481818181818181
4660,5964.0,0.716625,3.785e-06,3.440909090909091
4661,5965.0,0.723,3.749e-06,3.408181818181818
4662,5966.0,0.729375,3.704e-06,3.367272727272727
4663,5967.0,0.73575,3.669e-06,3.335454545454545
4664,5969.0,0.74225,3.628e-06,3.298181818181817
4665,5970.0,0.748625,3.595e-06,3.2681818181818176
4666,5971.0,0.755,3.556e-06,3.2327272727272724
4667,5972.0,0.761375,3.526e-06,3.2054545454545456
4668,5974.0,0.767875,3.49e-06,3.172727272727273
4669,5975.0,0.77425,3.455e-06,3.1409090909090907
4670,5976.0,0.780625,3.427e-06,3.1154545454545453
4671,5978.0,0.787,3.394e-06,3.085454545454545
4672,5979.0,0.793375,3.364e-06,3.0581818181818177
4673,5980.0,0.799875,3.335e-06,3.0318181818181817
4674,5981.0,0.80625,3.306e-06,3.0054545454545454
4675,5983.0,0.812625,3.281e-06,2.9827272727272724
4676,5984.0,0.819,3.257e-06,2.960909090909091
4677,5985.0,0.825375,3.228e-06,2.934545454545454
4678,5987.0,0.831875,3.203e-06,2.9118181818181816
4679,5988.0,0.83825,3.184e-06,2.894545454545454
4680,5989.0,0.844625,3.158e-06,2.87090909090909
4681,5990.0,0.851,3.139e-06,2.853636363636363
4682,5992.0,0.8575,3.119e-06,2.835454545454545
4683,5993.0,0.863875,3.104e-06,2.8218181818181813
4684,5994.0,0.87025,3.086e-06,2.8054545454545456
4685,5996.0,0.876625,3.076e-06,2.7963636363636364
4686,5997.0,0.883,3.063e-06,2.7845454545454547
4687,5998.0,0.8895,3.048e-06,2.7709090909090905
4688,5999.0,0.895875,3.042e-06,2.765454545454545
4689,6001.0,0.90225,3.031e-06,2.755454545454545
4690,6002.0,0.908625,3.02e-06,2.745454545454545
4691,6003.0,0.915,3.016e-06,2.7418181818181817
4692,6004.0,0.9215,3.012e-06,2.738181818181818
4693,6006.0,0.927875,3.005e-06,2.731818181818181
4694,6007.0,0.93425,3.002e-06,2.729090909090909
4695,6008.0,0.940625,2.987e-06,2.7154545454545453
4696,6010.0,0.947,2.979e-06,2.708181818181818
4697,6011.0,0.9535,2.972e-06,2.7018181818181817
4698,6012.0,0.959875,2.958e-06,2.6890909090909085
4699,6013.0,0.96625,2.944e-06,2.6763636363636363
4700,6015.0,0.972625,2.936e-06,2.669090909090909
4701,6016.0,0.979125,2.92e-06,2.6545454545454543
4702,6017.0,0.9855,2.902e-06,2.638181818181818
4703,6019.0,0.991875,2.888e-06,2.625454545454545
4704,6020.0,0.99825,2.876e-06,2.6145454545454543
4705,6021.0,1.004625,2.863e-06,2.602727272727273
4706,6022.0,1.011125,2.846e-06,2.587272727272727
4707,6024.0,1.0175,2.836e-06,2.5781818181818177
4708,6025.0,1.023875,2.824e-06,2.567272727272727
4709,6026.0,1.03025,2.815e-06,2.5590909090909086
4710,6028.0,1.036625,2.806e-06,2.550909090909091
4711,6029.0,1.043125,2.799e-06,2.5445454545454544
4712,6030.0,1.0495,2.782e-06,2.5290909090909084
4713,6031.0,1.055875,2.783e-06,2.53
4714,6033.0,1.06225,2.771e-06,2.5190909090909086
4715,6034.0,1.068625,2.769e-06,2.517272727272727
4716,6035.0,1.075125,2.76e-06,2.509090909090909
4717,6036.0,1.0815,2.753e-06,2.5027272727272725
4718,6038.0,1.087875,2.746e-06,2.496363636363636
4719,6039.0,1.09425,2.737e-06,2.488181818181818
4720,6040.0,1.10075,2.737e-06,2.488181818181818
4721,6042.0,1.107125,2.731e-06,2.482727272727273
4722,6043.0,1.1135,2.724e-06,2.4763636363636365
4723,6044.0,1.119875,2.717e-06,2.47
4724,6045.0,1.12625,2.714e-06,2.467272727272727
4725,6047.0,1.13275,2.712e-06,2.4654545454545453
4726,6048.0,1.139125,2.707e-06,2.460909090909091
4727,6049.0,1.1455,2.703e-06,2.4572727272727275
4728,6051.0,1.151875,2.701e-06,2.455454545454545
4729,6052.0,1.15825,2.697e-06,2.4518181818181817
4730,6053.0,1.16475,2.696e-06,2.4509090909090907
4731,6054.0,1.171125,2.696e-06,2.4509090909090907
4732,6056.0,1.1775,2.693e-06,2.4481818181818182
4733,6057.0,1.183875,2.69e-06,2.4454545454545453
4734,6058.0,1.19025,2.69e-06,2.4454545454545453
4735,6060.0,1.19675,2.69e-06,2.4454545454545453
4736,6061.0,1.203125,2.691e-06,2.4463636363636363
4737,6062.0,1.2095,2.692e-06,2.447272727272727
4738,6063.0,1.215875,2.689e-06,2.4445454545454544
4739,6065.0,1.222375,2.692e-06,2.447272727272727
4740,6066.0,1.22875,2.691e-06,2.4463636363636363
4741,6067.0,1.235125,2.697e-06,2.4518181818181817
4742,6068.0,1.2415,2.696e-06,2.4509090909090907
4743,6070.0,1.247875,2.698e-06,2.4527272727272726
4744,6071.0,1.254375,2.703e-06,2.4572727272727275
4745,6072.0,1.26075,2.699e-06,2.453636363636363
4746,6074.0,1.267125,2.707e-06,2.460909090909091
4747,6075.0,1.2735,2.703e-06,2.4572727272727275
4748,6076.0,1.279875,2.71e-06,2.4636363636363634
4749,6077.0,1.286375,2.708e-06,2.461818181818182
4750,6079.0,1.29275,2.719e-06,2.4718181818181817
4751,6080.0,1.299125,2.712e-06,2.4654545454545453
4752,6081.0,1.3055,2.719e-06,2.4718181818181817
4753,6083.0,1.311875,2.717e-06,2.47
4754,6084.0,1.318375,2.721e-06,2.473636363636364
4755,6085.0,1.32475,2.725e-06,2.477272727272727
4756,6086.0,1.331125,2.729e-06,2.480909090909091
4757,6088.0,1.3375,2.725e-06,2.477272727272727
4758,6089.0,1.344,2.735e-06,2.486363636363636
4759,6090.0,1.350375,2.737e-06,2.488181818181818
4760,6092.0,1.35675,2.737e-06,2.488181818181818
4761,6093.0,1.363125,2.748e-06,2.498181818181818
4762,6094.0,1.3695,2.752e-06,2.501818181818182
4763,6095.0,1.376,2.759e-06,2.5081818181818183
4764,6097.0,1.382375,2.772e-06,2.52
4765,6098.0,1.38875,2.778e-06,2.5254545454545454
4766,6099.0,1.395125,2.798e-06,2.5436363636363635
4767,6100.0,1.4015,2.808e-06,2.5527272727272723
4768,6102.0,1.408,2.82e-06,2.5636363636363635
4769,6103.0,1.414375,2.835e-06,2.577272727272727
4770,6104.0,1.42075,2.839e-06,2.5809090909090906
4771,6106.0,1.427125,2.848e-06,2.5890909090909093
4772,6107.0,1.4335,2.855e-06,2.595454545454545
4773,6108.0,1.44,2.848e-06,2.5890909090909093
4774,6109.0,1.446375,2.854e-06,2.5945454545454543
4775,6111.0,1.45275,2.855e-06,2.595454545454545
4776,6112.0,1.459125,2.847e-06,2.588181818181818
4777,6113.0,1.465625,2.848e-06,2.5890909090909093
4778,6115.0,1.472,2.842e-06,2.5836363636363635
4779,6116.0,1.478375,2.837e-06,2.579090909090909
4780,6117.0,1.48475,2.834e-06,2.576363636363636
4781,6118.0,1.491125,2.827e-06,2.5700000000000003
4782,6120.0,1.497625,2.823e-06,2.566363636363636
4783,6121.0,1.504,2.82e-06,2.5636363636363635
4784,6122.0,1.510375,2.815e-06,2.5590909090909086
4785,6124.0,1.51675,2.813e-06,2.557272727272727
4786,6125.0,1.523125,2.808e-06,2.5527272727272723
4787,6126.0,1.529625,2.808e-06,2.5527272727272723
4788,6127.0,1.536,2.803e-06,2.548181818181818
4789,6129.0,1.542375,2.804e-06,2.5490909090909093
4790,6130.0,1.54875,2.796e-06,2.541818181818181
4791,6131.0,1.555125,2.795e-06,2.5409090909090906
4792,6132.0,1.561625,2.799e-06,2.5445454545454544
4793,6134.0,1.568,2.798e-06,2.5436363636363635
4794,6135.0,1.574375,2.794e-06,2.54
4795,6136.0,1.58075,2.793e-06,2.539090909090909
4796,6138.0,1.58725,2.796e-06,2.541818181818181
4797,6139.0,1.593625,2.789e-06,2.535454545454545
4798,6140.0,1.6,2.793e-06,2.539090909090909
4799,6141.0,1.606375,2.795e-06,2.5409090909090906
4800,6143.0,1.61275,2.796e-06,2.541818181818181
4801,6144.0,1.61925,2.791e-06,2.537272727272727
4802,6145.0,1.625625,2.802e-06,2.547272727272727
4803,6147.0,1.632,2.789e-06,2.535454545454545
4804,6148.0,1.638375,2.793e-06,2.539090909090909
4805,6149.0,1.64475,2.787e-06,2.533636363636364
4806,6150.0,1.65125,2.786e-06,2.5327272727272727
4807,6152.0,1.657625,2.778e-06,2.5254545454545454
4808,6153.0,1.664,2.772e-06,2.52
4809,6154.0,1.670375,2.76e-06,2.509090909090909
4810,6156.0,1.676875,2.758e-06,2.507272727272727
4811,6157.0,1.68325,2.754e-06,2.5036363636363634
4812,6158.0,1.689625,2.738e-06,2.489090909090909
4813,6159.0,1.696,2.739e-06,2.49
4814,6161.0,1.699125,2.641e-06,2.400909090909091
4815,6162.0,1.69325,2.492e-06,2.265454545454545
4816,6163.0,1.686875,2.391e-06,2.173636363636364
4817,6164.0,1.680375,2.305e-06,2.095454545454545
4818,6166.0,1.674,2.229e-06,2.0263636363636364
4819,6167.0,1.667625,2.166e-06,1.9690909090909088
4820,6168.0,1.66125,2.104e-06,1.9127272727272728
4821,6170.0,1.654875,2.046e-06,1.86
4822,6171.0,1.648375,2e-06,1.818181818181818
4823,6172.0,1.642,1.957e-06,1.779090909090909
4824,6173.0,1.635625,1.908e-06,1.7345454545454546
4825,6175.0,1.62925,1.866e-06,1.6963636363636363
4826,6176.0,1.622875,1.83e-06,1.6636363636363636
4827,6177.0,1.616375,1.79e-06,1.6272727272727272
4828,6179.0,1.61,1.751e-06,1.5918181818181818
4829,6180.0,1.603625,1.719e-06,1.5627272727272727
4830,6181.0,1.59725,1.689e-06,1.5354545454545454
4831,6182.0,1.590875,1.66e-06,1.5090909090909088
4832,6184.0,1.5845,1.628e-06,1.4799999999999998
4833,6185.0,1.578,1.597e-06,1.4518181818181817
4834,6186.0,1.571625,1.569e-06,1.4263636363636365
4835,6188.0,1.56525,1.542e-06,1.4018181818181816
4836,6189.0,1.558875,1.516e-06,1.3781818181818182
4837,6190.0,1.5525,1.491e-06,1.3554545454545457
4838,6191.0,1.546,1.47e-06,1.3363636363636362
4839,6193.0,1.539625,1.447e-06,1.3154545454545454
4840,6194.0,1.53325,1.422e-06,1.2927272727272725
4841,6195.0,1.526875,1.397e-06,1.27
4842,6196.0,1.5205,1.374e-06,1.249090909090909
4843,6198.0,1.514,1.357e-06,1.2336363636363634
4844,6199.0,1.507625,1.336e-06,1.2145454545454546
4845,6200.0,1.50125,1.314e-06,1.1945454545454546
4846,6202.0,1.494875,1.292e-06,1.1745454545454546
4847,6203.0,1.4885,1.273e-06,1.157272727272727
4848,6204.0,1.482,1.253e-06,1.139090909090909
4849,6205.0,1.475625,1.236e-06,1.1236363636363635
4850,6207.0,1.46925,1.215e-06,1.1045454545454545
4851,6208.0,1.462875,1.195e-06,1.0863636363636364
4852,6209.0,1.4565,1.177e-06,1.0699999999999998
4853,6211.0,1.450125,1.155e-06,1.05
4854,6212.0,1.443625,1.136e-06,1.0327272727272725
4855,6213.0,1.43725,1.118e-06,1.016363636363636
4856,6214.0,1.430875,1.1e-06,1.0
4857,6216.0,1.4245,1.084e-06,0.9854545454545452
4858,6217.0,1.418125,1.066e-06,0.9690909090909092
4859,6218.0,1.411625,1.049e-06,0.9536363636363636
4860,6220.0,1.40525,1.034e-06,0.94
4861,6221.0,1.398875,1.025e-06,0.9318181818181815
4862,6222.0,1.3925,1.011e-06,0.919090909090909
4863,6223.0,1.386125,9.998e-07,0.9089090909090908
4864,6225.0,1.379625,9.879e-07,0.8980909090909092
4865,6226.0,1.37325,9.794e-07,0.8903636363636364
4866,6227.0,1.366875,9.682e-07,0.8801818181818181
4867,6228.0,1.3605,9.6e-07,0.8727272727272726
4868,6230.0,1.354125,9.486e-07,0.8623636363636363
4869,6231.0,1.347625,9.392e-07,0.8538181818181818
4870,6232.0,1.34125,9.349e-07,0.849909090909091
4871,6234.0,1.334875,9.282e-07,0.8438181818181817
4872,6235.0,1.3285,9.203e-07,0.8366363636363636
4873,6236.0,1.322125,9.113e-07,0.8284545454545453
4874,6237.0,1.315625,9.051e-07,0.8228181818181818
4875,6239.0,1.30925,8.917e-07,0.8106363636363635
4876,6240.0,1.302875,8.87e-07,0.8063636363636363
4877,6241.0,1.2965,8.801e-07,0.8000909090909091
4878,6243.0,1.290125,8.73e-07,0.7936363636363636
4879,6244.0,1.28375,8.604e-07,0.7821818181818181
4880,6245.0,1.27725,8.573e-07,0.7793636363636364
4881,6246.0,1.270875,8.534e-07,0.7758181818181817
4882,6248.0,1.2645,8.408e-07,0.7643636363636362
4883,6249.0,1.258125,8.378e-07,0.7616363636363637
4884,6250.0,1.25175,8.214e-07,0.7467272727272727
4885,6252.0,1.24525,8.214e-07,0.7467272727272727
4886,6253.0,1.238875,8.115e-07,0.7377272727272727
4887,6254.0,1.2325,8.012e-07,0.7283636363636362
4888,6255.0,1.226125,7.967e-07,0.7242727272727273
4889,6257.0,1.21975,7.819e-07,0.7108181818181817
4890,6258.0,1.21325,7.807e-07,0.7097272727272727
4891,6259.0,1.206875,7.698e-07,0.6998181818181818
4892,6260.0,1.2005,7.614e-07,0.6921818181818182
4893,6262.0,1.194125,7.543e-07,0.6857272727272726
4894,6263.0,1.18775,7.465e-07,0.6786363636363635
4895,6264.0,1.18125,7.42e-07,0.6745454545454544
4896,6266.0,1.174875,7.332e-07,0.6665454545454546
4897,6267.0,1.1685,7.261e-07,0.6600909090909091
4898,6268.0,1.162125,7.181e-07,0.6528181818181817
4899,6269.0,1.15575,7.115e-07,0.6468181818181817
4900,6271.0,1.149375,7.067e-07,0.6424545454545454
4901,6272.0,1.142875,6.976e-07,0.6341818181818182
4902,6273.0,1.1365,6.926e-07,0.6296363636363635
4903,6275.0,1.130125,6.837e-07,0.6215454545454545
4904,6276.0,1.12375,6.797e-07,0.617909090909091
4905,6277.0,1.117375,6.722e-07,0.611090909090909
4906,6278.0,1.110875,6.689e-07,0.608090909090909
4907,6280.0,1.1045,6.62e-07,0.6018181818181817
4908,6281.0,1.098125,6.578e-07,0.5979999999999999
4909,6282.0,1.09175,6.511e-07,0.5919090909090908
4910,6284.0,1.085375,6.483e-07,0.5893636363636363
4911,6285.0,1.078875,6.453e-07,0.5866363636363636
4912,6286.0,1.0725,6.403e-07,0.5820909090909091
4913,6287.0,1.066125,6.369e-07,0.579
4914,6289.0,1.05975,6.322e-07,0.5747272727272726
4915,6290.0,1.053375,6.318e-07,0.5743636363636363
4916,6291.0,1.046875,6.304e-07,0.5730909090909091
4917,6292.0,1.0405,6.237e-07,0.5669999999999998
4918,6294.0,1.034125,6.217e-07,0.5651818181818181
4919,6295.0,1.02775,6.199e-07,0.5635454545454545
4920,6296.0,1.021375,6.148e-07,0.5589090909090909
4921,6298.0,1.014875,6.189e-07,0.5626363636363636
4922,6299.0,1.0085,6.188e-07,0.5625454545454545
4923,6300.0,1.002125,6.102e-07,0.5547272727272726
4924,6301.0,0.99575,6.147e-07,0.5588181818181818
4925,6303.0,0.989375,6.142e-07,0.5583636363636363
4926,6304.0,0.983,6.157e-07,0.5597272727272727
4927,6305.0,0.9765,6.156e-07,0.5596363636363635
4928,6307.0,0.970125,6.175e-07,0.5613636363636364
4929,6308.0,0.96375,6.183e-07,0.562090909090909
4930,6309.0,0.957375,6.144e-07,0.5585454545454545
4931,6310.0,0.951,6.245e-07,0.5677272727272727
4932,6312.0,0.9445,6.196e-07,0.5632727272727271
4933,6313.0,0.938125,6.157e-07,0.5597272727272727
4934,6314.0,0.93175,6.246e-07,0.5678181818181818
4935,6316.0,0.925375,6.286e-07,0.5714545454545454
4936,6317.0,0.919,6.253e-07,0.5684545454545453
4937,6318.0,0.9125,6.217e-07,0.5651818181818181
4938,6319.0,0.906125,6.332e-07,0.5756363636363636
4939,6321.0,0.89975,6.251e-07,0.5682727272727273
4940,6322.0,0.893375,6.251e-07,0.5682727272727273
4941,6323.0,0.887,6.321e-07,0.5746363636363636
4942,6324.0,0.8805,6.251e-07,0.5682727272727273
4943,6326.0,0.874125,6.298e-07,0.5725454545454545
4944,6327.0,0.86775,6.37e-07,0.5790909090909091
4945,6328.0,0.861375,6.366e-07,0.5787272727272726
4946,6330.0,0.855,6.331e-07,0.5755454545454545
4947,6331.0,0.848625,6.285e-07,0.5713636363636363
4948,6332.0,0.842125,6.215e-07,0.565
4949,6333.0,0.83575,6.302e-07,0.5729090909090908
4950,6335.0,0.829375,6.362e-07,0.5783636363636364
4951,6336.0,0.823,6.365e-07,0.5786363636363635
4952,6337.0,0.816625,6.307e-07,0.5733636363636363
4953,6339.0,0.810125,6.233e-07,0.5666363636363636
4954,6340.0,0.80375,6.246e-07,0.5678181818181818
4955,6341.0,0.797375,6.307e-07,0.5733636363636363
4956,6342.0,0.791,6.224e-07,0.5658181818181818
4957,6344.0,0.784625,6.217e-07,0.5651818181818181
4958,6345.0,0.778125,6.248e-07,0.568
4959,6346.0,0.77175,6.191e-07,0.5628181818181818
4960,6348.0,0.765375,6.205e-07,0.5640909090909091
4961,6349.0,0.759,6.17e-07,0.5609090909090909
4962,6350.0,0.752625,6.142e-07,0.5583636363636363
4963,6351.0,0.746125,6.108e-07,0.5552727272727273
4964,6353.0,0.73975,6.083e-07,0.5529999999999999
4965,6354.0,0.733375,6.049e-07,0.5499090909090909
4966,6355.0,0.727,6.059e-07,0.5508181818181818
4967,6356.0,0.720625,5.978e-07,0.5434545454545454
4968,6358.0,0.714125,5.975e-07,0.5431818181818182
4969,6359.0,0.70775,5.911e-07,0.5373636363636364
4970,6360.0,0.701375,5.91e-07,0.5372727272727273
4971,6362.0,0.695,5.873e-07,0.5339090909090908
4972,6363.0,0.688625,5.764e-07,0.524
4973,6364.0,0.68225,5.789e-07,0.5262727272727272
4974,6365.0,0.67575,5.765e-07,0.524090909090909
4975,6367.0,0.669375,5.676e-07,0.5159999999999999
4976,6368.0,0.663,5.692e-07,0.5174545454545455
4977,6369.0,0.656625,5.612e-07,0.5101818181818182
4978,6371.0,0.65025,5.594e-07,0.5085454545454545
4979,6372.0,0.64375,5.607e-07,0.5097272727272727
4980,6373.0,0.637375,5.521e-07,0.5019090909090907
4981,6374.0,0.631,5.513e-07,0.5011818181818182
4982,6376.0,0.624625,5.458e-07,0.4961818181818182
4983,6377.0,0.61825,5.419e-07,0.4926363636363635
4984,6378.0,0.61175,5.397e-07,0.4906363636363635
4985,6380.0,0.605375,5.337e-07,0.4851818181818181
4986,6381.0,0.599,5.358e-07,0.4870909090909091
4987,6382.0,0.592625,5.266e-07,0.4787272727272726
4988,6383.0,0.58625,5.267e-07,0.4788181818181817
4989,6385.0,0.57975,5.179e-07,0.4708181818181818
4990,6386.0,0.573375,5.185e-07,0.4713636363636362
4991,6387.0,0.567,5.112e-07,0.4647272727272726
4992,6388.0,0.560625,5.166e-07,0.4696363636363636
4993,6390.0,0.55425,5.081e-07,0.4619090909090909
4994,6391.0,0.547875,5.126e-07,0.4659999999999999
4995,6392.0,0.541375,5.068e-07,0.4607272727272726
4996,6394.0,0.535,5.004e-07,0.4549090909090908
4997,6395.0,0.528625,5.012e-07,0.4556363636363635
4998,6396.0,0.52225,4.957e-07,0.4506363636363635
4999,6397.0,0.515875,4.883e-07,0.4439090909090909
5000,6399.0,0.509375,4.867e-07,0.4424545454545454
